Player,Team,Game,Points,Passing Attempts,Passing Completions,Passing Yards,Passing TDs,Interceptions,Passing 2Pt Conv,Rushing Attempts,Rushing Yards,Rushing TDs,Rushing 2Pt Conv,Receptions,Receiving Yards,Receiving TDs,Receiving 2Pt Conv,Fumbles,Fumble TDs
Jahvid BestJ. Best,DET,PHI@DET,49.00,0,0,0,0,0,0,17,78,2,0,9,154,1,0,0,0
Jason SnellingJ. Snelling,ATL,ARI@ATL,40.00,0,0,0,0,0,0,24,129,2,0,5,57,1,0,0,0
Frank GoreF. Gore,SF,NO@SF,35.00,0,0,0,0,0,0,20,112,1,0,7,56,1,0,0,0
Matt SchaubM. Schaub,HOU,HOU@WAS,35.00,52,38,497,3,1,0,1,2,0,0,0,0,0,0,0,0
LeSean McCoyL. McCoy,PHI,PHI@DET,34.00,0,0,0,0,0,0,16,120,3,0,4,8,0,0,0,0
Andre JohnsonA. Johnson,HOU,HOU@WAS,33.00,0,0,0,0,0,0,0,0,0,0,12,158,1,0,0,0
Kevin WalterK. Walter,HOU,HOU@WAS,31.00,0,0,0,0,0,0,0,0,0,0,11,144,1,0,0,0
Aaron RodgersA. Rodgers,GB,BUF@GB,30.00,29,19,255,2,0,0,5,20,1,0,0,0,0,0,0,0
Jay CutlerJ. Cutler,CHI,CHI@DAL,29.00,29,21,277,3,0,0,5,3,0,0,0,0,0,0,0,0
Adrian PetersonA. Peterson,MIN,MIA@MIN,29.00,0,0,0,0,0,0,28,145,1,0,5,41,0,0,0,0
Peyton ManningP. Manning,IND,NYG@IND,28.00,26,20,255,3,0,0,3,-3,0,0,0,0,0,0,0,0
Mark SanchezM. Sanchez,NYJ,NE@NYJ,28.00,30,21,220,3,0,1,4,2,0,0,0,0,0,0,0,0
Philip RiversP. Rivers,SD,JAX@SD,27.00,29,22,334,3,2,0,0,0,0,0,0,0,0,0,0,0
Matt RyanM. Ryan,ATL,ARI@ATL,26.00,32,21,225,3,0,0,6,6,0,0,0,0,0,0,1,0
Michael VickM. Vick,PHI,PHI@DET,26.00,34,21,284,2,0,0,8,37,0,0,0,0,0,0,0,0
Mike Sims-WalkerM. Sims-Walker,JAX,JAX@SD,25.00,0,0,0,0,0,0,0,0,0,0,10,105,1,0,1,0
Miles AustinM. Austin,DAL,CHI@DAL,24.00,0,0,0,0,0,0,0,0,0,0,10,142,0,0,0,0
Shaun HillS. Hill,DET,PHI@DET,24.00,45,25,335,2,2,1,3,16,0,0,0,0,0,0,0,0
Dustin KellerD. Keller,NYJ,NE@NYJ,24.00,0,0,0,0,0,0,0,0,0,0,7,115,1,0,0,0
Kyle OrtonK. Orton,DEN,SEA@DEN,24.00,35,25,307,2,0,0,3,-5,0,0,0,0,0,0,0,0
Drew BreesD. Brees,NO,NO@SF,23.00,38,28,254,2,0,0,0,0,0,0,1,7,0,0,0,0
Josh FreemanJ. Freeman,TB,TB@CAR,23.00,24,12,178,2,0,0,4,43,0,0,0,0,0,0,0,0
DeSean JacksonD. Jackson,PHI,PHI@DET,23.00,0,0,0,0,0,0,1,5,0,0,4,135,1,0,0,0
Donovan McNabbD. McNabb,WAS,HOU@WAS,23.00,38,28,426,1,0,0,0,0,0,0,0,0,0,0,0,0
Demaryius ThomasD. Thomas,DEN,SEA@DEN,23.00,0,0,0,0,0,0,0,0,0,0,8,97,1,0,0,0
Antonio GatesA. Gates,SD,JAX@SD,22.00,0,0,0,0,0,0,0,0,0,0,5,57,2,0,0,0
Mike TolbertM. Tolbert,SD,JAX@SD,22.00,0,0,0,0,0,0,16,82,2,0,1,13,0,0,0,0
Reggie WayneR. Wayne,IND,NYG@IND,22.00,0,0,0,0,0,0,0,0,0,0,7,96,1,0,0,0
Knowshon MorenoK. Moreno,DEN,SEA@DEN,21.00,0,0,0,0,0,0,24,51,1,0,4,67,0,0,0,0
Louis MurphyL. Murphy,OAK,STL@OAK,21.00,0,0,0,0,0,0,0,0,0,0,6,91,1,0,0,0
Roddy WhiteR. White,ATL,ARI@ATL,20.00,0,0,0,0,0,0,0,0,0,0,7,78,1,0,0,0
Dallas ClarkD. Clark,IND,NYG@IND,19.00,0,0,0,0,0,0,0,0,0,0,5,83,1,0,0,0
Tim HightowerT. Hightower,ARI,ARI@ATL,19.00,0,0,0,0,0,0,11,115,1,0,2,9,0,0,0,0
Malcom FloydM. Floyd,SD,JAX@SD,18.00,0,0,0,0,0,0,0,0,0,0,3,95,1,0,0,0
Santana MossS. Moss,WAS,HOU@WAS,18.00,0,0,0,0,0,0,1,-8,0,0,10,89,0,0,0,0
Braylon EdwardsB. Edwards,NYJ,NE@NYJ,17.00,0,0,0,0,0,0,0,0,0,0,5,45,1,1,0,0
Matt HasselbeckM. Hasselbeck,SEA,SEA@DEN,17.00,35,20,233,1,3,0,3,21,1,0,0,0,0,0,0,0
Devin HesterD. Hester,CHI,CHI@DAL,17.00,0,0,0,0,0,0,0,0,0,0,4,77,1,0,0,0
Calvin JohnsonC. Johnson,DET,PHI@DET,17.00,0,0,0,0,0,0,0,0,0,0,4,50,1,1,0,0
Jacoby JonesJ. Jones,HOU,HOU@WAS,17.00,0,0,0,0,0,0,0,0,0,0,6,53,1,0,0,0
Mario ManninghamM. Manningham,NYG,NYG@IND,17.00,0,0,0,0,0,0,1,2,0,0,4,75,1,0,0,0
Brandon PettigrewB. Pettigrew,DET,PHI@DET,17.00,0,0,0,0,0,0,0,0,0,0,7,108,0,0,0,0
Eddie RoyalE. Royal,DEN,SEA@DEN,17.00,0,0,0,0,0,0,0,0,0,0,5,65,1,0,0,0
Alex SmithA. Smith,SF,NO@SF,17.00,32,23,275,1,2,1,4,28,0,0,0,0,0,0,0,0
Pierre ThomasP. Thomas,NO,NO@SF,17.00,0,0,0,0,0,0,18,46,0,0,8,57,0,0,0,0
Sam BradfordS. Bradford,STL,STL@OAK,16.00,25,14,167,2,1,0,0,0,0,0,0,0,0,0,0,0
Tom BradyT. Brady,NE,NE@NYJ,16.00,36,20,248,2,2,0,0,0,0,0,0,0,0,0,1,0
Mark ClaytonM. Clayton,STL,STL@OAK,16.00,0,0,0,0,0,0,0,0,0,0,2,24,2,0,0,0
Joshua CribbsJ. Cribbs,CLE,KC@CLE,16.00,0,0,0,0,0,0,1,1,0,0,3,74,1,0,0,0
Matt ForteM. Forte,CHI,CHI@DAL,16.00,0,0,0,0,0,0,10,29,0,0,5,37,1,0,0,0
Aaron HernandezA. Hernandez,NE,NE@NYJ,16.00,0,0,0,0,0,0,0,0,0,0,6,101,0,0,0,0
Steven JacksonS. Jackson,STL,STL@OAK,16.00,0,0,0,0,0,0,19,75,0,0,4,50,0,0,0,0
Darren McFaddenD. McFadden,OAK,STL@OAK,16.00,0,0,0,0,0,0,30,145,0,0,2,8,0,0,0,0
Tony RomoT. Romo,DAL,CHI@DAL,16.00,51,34,374,1,2,0,1,-1,0,0,0,0,0,0,0,0
Chris CooleyC. Cooley,WAS,HOU@WAS,15.00,0,0,0,0,0,0,0,0,0,0,3,64,1,0,0,0
Larry FitzgeraldL. Fitzgerald,ARI,ARI@ATL,15.00,0,0,0,0,0,0,0,0,0,0,7,83,0,0,0,0
Arian FosterA. Foster,HOU,HOU@WAS,15.00,0,0,0,0,0,0,19,69,0,0,3,69,0,0,0,0
Clinton PortisC. Portis,WAS,HOU@WAS,15.00,0,0,0,0,0,0,13,33,2,0,0,0,0,0,0,0
Ray RiceR. Rice,BAL,BAL@CIN,15.00,0,0,0,0,0,0,16,87,0,0,4,30,0,0,0,0
Steve SmithS. Smith,CAR,TB@CAR,15.00,0,0,0,0,0,0,0,0,0,0,3,66,1,0,0,0
Wes WelkerW. Welker,NE,NE@NYJ,15.00,0,0,0,0,0,0,0,0,0,0,6,38,1,0,0,0
Donald BrownD. Brown,IND,NYG@IND,14.00,0,0,0,0,0,0,16,69,1,0,1,19,0,0,0,0
Jermichael FinleyJ. Finley,GB,BUF@GB,14.00,0,0,0,0,0,0,0,0,0,0,4,103,0,0,0,0
Earnest GrahamE. Graham,TB,TB@CAR,14.00,0,0,0,0,0,0,3,1,0,0,5,33,1,0,0,0
Darrius Heyward-BeyD. Heyward-Bey,OAK,STL@OAK,14.00,0,0,0,0,0,0,0,0,0,0,6,80,0,0,0,0
Peyton HillisP. Hillis,CLE,KC@CLE,14.00,0,0,0,0,0,0,8,35,1,0,3,26,0,0,0,0
Eli ManningE. Manning,NYG,NYG@IND,14.00,24,13,161,2,1,0,1,6,0,0,0,0,0,0,2,0
Visanthe ShiancoeV. Shiancoe,MIN,MIA@MIN,14.00,0,0,0,0,0,0,0,0,0,0,6,86,0,0,0,0
Joseph AddaiJ. Addai,IND,NYG@IND,13.00,0,0,0,0,0,0,20,92,0,0,2,21,0,0,0,0
Reggie BushR. Bush,NO,NO@SF,13.00,0,0,0,0,0,0,5,4,0,0,4,30,1,0,0,0
Vernon DavisV. Davis,SF,NO@SF,13.00,0,0,0,0,0,0,0,0,0,0,4,78,0,1,0,0
Donald DriverD. Driver,GB,BUF@GB,13.00,0,0,0,0,0,0,0,0,0,0,4,38,1,0,0,0
Josh MorganJ. Morgan,SF,NO@SF,13.00,0,0,0,0,0,0,0,0,0,0,6,70,0,0,0,0
Darren SprolesD. Sproles,SD,JAX@SD,13.00,0,0,0,0,0,0,5,37,0,0,4,63,0,0,0,0
LaDainian TomlinsonL. Tomlinson,NYJ,NE@NYJ,13.00,0,0,0,0,0,0,11,76,0,0,4,26,0,0,0,0
Seneca WallaceS. Wallace,CLE,KC@CLE,13.00,31,16,229,1,1,0,1,4,0,0,0,0,0,0,0,0
Nate WashingtonN. Washington,TEN,PIT@TEN,13.00,0,0,0,0,0,0,0,0,0,0,4,34,1,0,0,0
Mike WilliamsM. Williams,TB,TB@CAR,13.00,0,0,0,0,0,0,0,0,0,0,2,54,1,0,0,0
Austin CollieA. Collie,IND,NYG@IND,12.00,0,0,0,0,0,0,0,0,0,0,4,25,1,0,0,0
Jerricho CotcheryJ. Cotchery,NYJ,NE@NYJ,12.00,0,0,0,0,0,0,2,6,0,0,4,26,1,0,0,0
Brian FinneranB. Finneran,ATL,ARI@ATL,12.00,0,0,0,0,0,0,0,0,0,0,3,31,1,0,0,0
Rashad JenningsR. Jennings,JAX,JAX@SD,12.00,0,0,0,0,0,0,9,38,0,0,4,50,0,0,0,0
James JonesJ. Jones,GB,BUF@GB,12.00,0,0,0,0,0,0,0,0,0,0,3,32,1,0,0,0
Johnny KnoxJ. Knox,CHI,CHI@DAL,12.00,0,0,0,0,0,0,0,0,0,0,4,86,0,0,0,0
Marcedes LewisM. Lewis,JAX,JAX@SD,12.00,0,0,0,0,0,0,0,0,0,0,5,70,0,0,0,0
Kellen WinslowK. Winslow,TB,TB@CAR,12.00,0,0,0,0,0,0,0,0,0,0,4,83,0,0,0,0
Martellus BennettM. Bennett,DAL,CHI@DAL,11.00,0,0,0,0,0,0,0,0,0,0,7,45,0,0,0,0
Kenny BrittK. Britt,TEN,PIT@TEN,11.00,0,0,0,0,0,0,0,0,0,0,5,41,0,1,0,0
Marques ColstonM. Colston,NO,NO@SF,11.00,0,0,0,0,0,0,0,0,0,0,5,67,0,0,0,0
Justin GageJ. Gage,TEN,PIT@TEN,11.00,0,0,0,0,0,0,0,0,0,0,4,74,0,0,0,0
Joey GallowayJ. Galloway,WAS,HOU@WAS,11.00,0,0,0,0,0,0,0,0,0,0,3,88,0,0,0,0
Brian HartlineB. Hartline,MIA,MIA@MIN,11.00,0,0,0,0,0,0,0,0,0,0,3,28,1,0,0,0
Jeremy MaclinJ. Maclin,PHI,PHI@DET,11.00,0,0,0,0,0,0,0,0,0,0,3,26,1,0,0,0
Brandon MarshallB. Marshall,MIA,MIA@MIN,11.00,0,0,0,0,0,0,0,0,0,0,4,71,0,0,0,0
Randy MossR. Moss,NE,NE@NYJ,11.00,0,0,0,0,0,0,0,0,0,0,2,38,1,0,0,0
Hakeem NicksH. Nicks,NYG,NYG@IND,11.00,0,0,0,0,0,0,0,0,0,0,2,38,1,0,0,0
Ben ObomanuB. Obomanu,SEA,SEA@DEN,11.00,0,0,0,0,0,0,0,0,0,0,2,30,1,0,0,0
Deon ButlerD. Butler,SEA,SEA@DEN,10.00,0,0,0,0,0,0,0,0,0,0,5,50,0,0,0,0
Kerry CollinsK. Collins,TEN,PIT@TEN,10.00,25,17,149,1,1,1,2,-1,0,0,0,0,0,0,1,0
Bruce GradkowskiB. Gradkowski,OAK,STL@OAK,10.00,21,11,162,1,1,0,4,0,0,0,0,0,0,0,0,0
Chris GronkowskiC. Gronkowski,DAL,CHI@DAL,10.00,0,0,0,0,0,0,0,0,0,0,3,13,1,0,0,0
Chad HenneC. Henne,MIA,MIA@MIN,10.00,15,9,114,1,0,0,2,0,0,0,0,0,0,0,0,0
Brandon JacksonB. Jackson,GB,BUF@GB,10.00,0,0,0,0,0,0,11,29,1,0,1,10,0,0,0,0
Derrick MasonD. Mason,BAL,BAL@CIN,10.00,0,0,0,0,0,0,0,0,0,0,1,31,1,0,0,0
Tony MoeakiT. Moeaki,KC,KC@CLE,10.00,0,0,0,0,0,0,0,0,0,0,5,58,0,0,0,0
Greg OlsenG. Olsen,CHI,CHI@DAL,10.00,0,0,0,0,0,0,0,0,0,0,1,39,1,0,0,0
David ThomasD. Thomas,NO,NO@SF,10.00,0,0,0,0,0,0,0,0,0,0,3,10,1,0,0,0
Benjamin WatsonB. Watson,CLE,KC@CLE,10.00,0,0,0,0,0,0,0,0,0,0,4,62,0,0,0,0
DeAngelo WilliamsD. Williams,CAR,TB@CAR,10.00,0,0,0,0,0,0,17,54,0,0,3,20,0,0,0,0
Jason WittenJ. Witten,DAL,CHI@DAL,10.00,0,0,0,0,0,0,0,0,0,0,5,51,0,0,0,0
John CarlsonJ. Carlson,SEA,SEA@DEN,9.00,0,0,0,0,0,0,0,0,0,0,5,48,0,0,0,0
Craig DavisC. Davis,SD,JAX@SD,9.00,0,0,0,0,0,0,0,0,0,0,5,48,0,0,0,0
Fred JacksonF. Jackson,BUF,BUF@GB,9.00,0,0,0,0,0,0,9,39,1,0,0,0,0,0,0,0
Thomas JonesT. Jones,KC,KC@CLE,9.00,0,0,0,0,0,0,22,83,0,0,1,5,0,0,0,0
Jordan ShipleyJ. Shipley,CIN,BAL@CIN,9.00,0,0,0,0,0,0,0,0,0,0,5,42,0,0,0,0
Anquan BoldinA. Boldin,BAL,BAL@CIN,8.00,0,0,0,0,0,0,0,0,0,0,5,35,0,0,0,0
Dwayne BoweD. Bowe,KC,KC@CLE,8.00,0,0,0,0,0,0,0,0,0,0,4,45,0,0,0,0
Ahmad BradshawA. Bradshaw,NYG,NYG@IND,8.00,0,0,0,0,0,0,17,89,0,0,0,0,0,0,0,0
Ronnie BrownR. Brown,MIA,MIA@MIN,8.00,0,0,0,0,0,0,13,80,0,0,1,3,0,0,1,0
Jerome HarrisonJ. Harrison,KC,KC@CLE,8.00,0,0,0,0,0,0,16,33,0,0,3,35,0,0,1,0
Percy HarvinP. Harvin,MIN,MIA@MIN,8.00,0,0,0,0,0,0,0,0,0,0,5,32,0,0,0,0
Chad JohnsonC. Johnson,CIN,BAL@CIN,8.00,0,0,0,0,0,0,0,0,0,0,4,44,0,0,0,0
Chris JohnsonC. Johnson,TEN,PIT@TEN,8.00,0,0,0,0,0,0,16,34,0,0,5,19,0,0,1,0
Brandon LloydB. Lloyd,DEN,SEA@DEN,8.00,0,0,0,0,0,0,0,0,0,0,3,53,0,0,0,0
Matt MooreM. Moore,CAR,TB@CAR,8.00,16,6,125,1,1,0,1,2,0,0,0,0,0,0,1,0
Terrell OwensT. Owens,CIN,BAL@CIN,8.00,0,0,0,0,0,0,0,0,0,0,3,57,0,0,0,0
Mike ThomasM. Thomas,JAX,JAX@SD,8.00,0,0,0,0,0,0,1,-1,0,0,4,43,0,0,0,0
Roy WilliamsR. Williams,DAL,CHI@DAL,8.00,0,0,0,0,0,0,0,0,0,0,4,53,0,0,1,0
Danny AmendolaD. Amendola,STL,STL@OAK,7.00,0,0,0,0,0,0,0,0,0,0,4,39,0,0,0,0
Earl BennettE. Bennett,CHI,CHI@DAL,7.00,0,0,0,0,0,0,0,0,0,0,5,29,0,0,0,0
Cedric BensonC. Benson,CIN,BAL@CIN,7.00,0,0,0,0,0,0,23,78,0,0,0,0,0,0,0,0
Deion BranchD. Branch,SEA,SEA@DEN,7.00,0,0,0,0,0,0,0,0,0,0,4,31,0,0,0,0
Dez BryantD. Bryant,DAL,CHI@DAL,7.00,0,0,0,0,0,0,0,0,0,0,2,52,0,0,0,0
Correll BuckhalterC. Buckhalter,DEN,SEA@DEN,7.00,0,0,0,0,0,0,11,19,1,0,0,0,0,0,0,0
Jamaal CharlesJ. Charles,KC,KC@CLE,7.00,0,0,0,0,0,0,11,49,0,0,1,27,0,0,0,0
Fred DavisF. Davis,WAS,HOU@WAS,7.00,0,0,0,0,0,0,0,0,0,0,1,62,0,0,0,0
Mike GoodsonM. Goodson,CAR,TB@CAR,7.00,0,0,0,0,0,0,5,20,0,0,2,33,0,0,0,0
Todd HeapT. Heap,BAL,BAL@CIN,7.00,0,0,0,0,0,0,0,0,0,0,4,35,0,0,0,0
Rashard MendenhallR. Mendenhall,PIT,PIT@TEN,7.00,0,0,0,0,0,0,23,69,0,0,1,3,0,0,0,0
Zach MillerZ. Miller,OAK,STL@OAK,7.00,0,0,0,0,0,0,0,0,0,0,3,49,0,0,0,0
Dante RosarioD. Rosario,CAR,TB@CAR,7.00,0,0,0,0,0,0,0,0,0,0,3,47,0,0,0,0
Mike SellersM. Sellers,WAS,HOU@WAS,7.00,0,0,0,0,0,0,1,0,0,0,4,38,0,0,0,0
Steve SmithS. Smith,NYG,NYG@IND,7.00,0,0,0,0,0,0,0,0,0,0,4,35,0,0,0,0
Michael TurnerM. Turner,ATL,ARI@ATL,7.00,0,0,0,0,0,0,9,75,0,0,0,0,0,0,0,0
Jason AvantJ. Avant,PHI,PHI@DET,6.00,0,0,0,0,0,0,0,0,0,0,3,33,0,0,0,0
Chris ChambersC. Chambers,KC,KC@CLE,6.00,0,0,0,0,0,0,0,0,0,0,3,33,0,0,0,0
Anthony DixonA. Dixon,SF,NO@SF,6.00,0,0,0,0,0,0,1,2,1,0,0,0,0,0,0,0
Shonn GreeneS. Greene,NYJ,NE@NYJ,6.00,0,0,0,0,0,0,15,52,0,0,1,8,0,0,0,0
Greg JenningsG. Jennings,GB,BUF@GB,6.00,0,0,0,0,0,0,0,0,0,0,3,36,0,0,0,0
Stevie JohnsonS. Johnson,BUF,BUF@GB,6.00,0,0,0,0,0,0,0,0,0,0,3,31,0,0,0,0
Marshawn LynchM. Lynch,BUF,BUF@GB,6.00,0,0,0,0,0,0,17,64,0,0,0,0,0,0,0,0
Carson PalmerC. Palmer,CIN,BAL@CIN,6.00,35,16,167,0,0,0,3,-1,0,0,0,0,0,0,0,0
Jeremy ShockeyJ. Shockey,NO,NO@SF,6.00,0,0,0,0,0,0,0,0,0,0,3,37,0,0,0,0
C.J. SpillerC. Spiller,BUF,BUF@GB,6.00,0,0,0,0,0,0,1,3,0,0,4,23,0,0,0,0
Golden TateG. Tate,SEA,SEA@DEN,6.00,0,0,0,0,0,0,0,0,0,0,1,52,0,0,0,0
Carnell WilliamsC. Williams,TB,TB@CAR,6.00,0,0,0,0,0,0,27,51,0,0,1,8,0,0,0,0
Anthony ArmstrongA. Armstrong,WAS,HOU@WAS,5.00,0,0,0,0,0,0,0,0,0,0,2,36,0,0,0,0
Brent CelekB. Celek,PHI,PHI@DET,5.00,0,0,0,0,0,0,0,0,0,0,3,27,0,0,0,0
Harry DouglasH. Douglas,ATL,ARI@ATL,5.00,0,0,0,0,0,0,1,-5,0,0,2,31,0,0,0,0
Kevin FaulkK. Faulk,NE,NE@NYJ,5.00,0,0,0,0,0,0,5,22,0,0,2,15,0,0,0,0
Justin ForsettJ. Forsett,SEA,SEA@DEN,5.00,0,0,0,0,0,0,8,44,0,0,1,8,0,0,0,0
Devery HendersonD. Henderson,NO,NO@SF,5.00,0,0,0,0,0,0,0,0,0,0,3,28,0,0,0,0
Ryan MathewsR. Mathews,SD,JAX@SD,5.00,0,0,0,0,0,0,5,26,0,0,2,29,0,0,1,0
Roscoe ParrishR. Parrish,BUF,BUF@GB,5.00,0,0,0,0,0,0,1,4,0,0,2,34,0,0,0,0
Bo ScaifeB. Scaife,TEN,PIT@TEN,5.00,0,0,0,0,0,0,0,0,0,0,3,20,0,0,0,0
LaRod Stephens-HowlingL. Stephens-Howling,ARI,ARI@ATL,5.00,0,0,0,0,0,0,0,0,0,0,3,25,0,0,0,0
Keiland WilliamsK. Williams,WAS,HOU@WAS,5.00,0,0,0,0,0,0,0,0,0,0,4,15,0,0,0,0
Bernard BerrianB. Berrian,MIN,MIA@MIN,4.00,0,0,0,0,0,0,0,0,0,0,2,24,0,0,0,0
Steve BreastonS. Breaston,ARI,ARI@ATL,4.00,0,0,0,0,0,0,0,0,0,0,3,10,0,0,0,0
Aaron BrownA. Brown,DET,PHI@DET,4.00,0,0,0,0,0,0,3,13,0,0,2,10,0,0,0,0
Michael CrabtreeM. Crabtree,SF,NO@SF,4.00,0,0,0,0,0,0,0,0,0,0,1,32,0,0,0,0
Owen DanielsO. Daniels,HOU,HOU@WAS,4.00,0,0,0,0,0,0,0,0,0,0,2,24,0,0,0,0
Daniel FellsD. Fells,STL,STL@OAK,4.00,0,0,0,0,0,0,0,0,0,0,1,36,0,0,0,0
Joe FlaccoJ. Flacco,BAL,BAL@CIN,4.00,39,17,154,1,4,0,3,9,0,0,0,0,0,0,0,0
David GarrardD. Garrard,JAX,JAX@SD,4.00,23,15,173,1,4,0,1,-1,0,0,0,0,0,0,0,0
Jermaine GreshamJ. Gresham,CIN,BAL@CIN,4.00,0,0,0,0,0,0,0,0,0,0,3,15,0,0,0,0
Maurice Jones-DrewM. Jones-Drew,JAX,JAX@SD,4.00,0,0,0,0,0,0,12,31,0,0,1,17,0,0,1,0
Vonta LeachV. Leach,HOU,HOU@WAS,4.00,0,0,0,0,0,0,0,0,0,0,2,20,0,0,0,0
Luke McCownL. McCown,JAX,JAX@SD,4.00,19,11,120,0,0,0,1,4,0,0,0,0,0,0,0,0
Jordy NelsonJ. Nelson,GB,BUF@GB,4.00,0,0,0,0,0,0,0,0,0,0,2,26,0,0,0,0
Marcel ReeceM. Reece,OAK,STL@OAK,4.00,0,0,0,0,0,0,3,9,0,0,2,21,0,0,0,0
Owen SchmittO. Schmitt,PHI,PHI@DET,4.00,0,0,0,0,0,0,0,0,0,0,2,21,0,0,0,0
Jonathan StewartJ. Stewart,CAR,TB@CAR,4.00,0,0,0,0,0,0,8,43,0,0,0,0,0,0,0,0
Mike WallaceM. Wallace,PIT,PIT@TEN,4.00,0,0,0,0,0,0,0,0,0,0,2,25,0,0,0,0
Roydell WilliamsR. Williams,WAS,HOU@WAS,4.00,0,0,0,0,0,0,0,0,0,0,1,34,0,0,0,0
Stephen WilliamsS. Williams,ARI,ARI@ATL,4.00,0,0,0,0,0,0,0,0,0,0,2,26,0,0,0,0
Marion BarberM. Barber,DAL,CHI@DAL,3.00,0,0,0,0,0,0,11,31,0,0,0,0,0,0,0,0
Matt CasselM. Cassel,KC,KC@CLE,3.00,28,16,176,0,2,0,4,5,0,0,0,0,0,0,0,0
Riley CooperR. Cooper,PHI,PHI@DET,3.00,0,0,0,0,0,0,0,0,0,0,1,20,0,0,0,0
Joel DreessenJ. Dreessen,HOU,HOU@WAS,3.00,0,0,0,0,0,0,0,0,0,0,1,28,0,0,0,0
Jabar GaffneyJ. Gaffney,DEN,SEA@DEN,3.00,0,0,0,0,0,0,0,0,0,0,2,15,0,0,0,0
David GettisD. Gettis,CAR,TB@CAR,3.00,0,0,0,0,0,0,0,0,0,0,2,18,0,0,0,0
Tony GonzalezT. Gonzalez,ATL,ARI@ATL,3.00,0,0,0,0,0,0,0,0,0,0,2,19,0,0,0,0
Felix JonesF. Jones,DAL,CHI@DAL,3.00,0,0,0,0,0,0,7,7,0,0,2,12,0,0,0,0
Jim KleinsasserJ. Kleinsasser,MIN,MIA@MIN,3.00,0,0,0,0,0,0,0,0,0,0,1,20,0,0,0,0
John KuhnJ. Kuhn,GB,BUF@GB,3.00,0,0,0,0,0,0,9,36,0,0,0,0,0,0,0,0
Ovie MughelliO. Mughelli,ATL,ARI@ATL,3.00,0,0,0,0,0,0,5,16,0,0,2,9,0,0,0,0
Jonathan StuparJ. Stupar,BUF,BUF@GB,3.00,0,0,0,0,0,0,0,0,0,0,2,14,0,0,0,0
Delanie WalkerD. Walker,SF,NO@SF,3.00,0,0,0,0,0,0,0,0,0,0,2,26,0,0,1,0
Derek AndersonD. Anderson,ARI,ARI@ATL,2.00,31,17,161,0,2,0,0,0,0,0,0,0,0,0,0,0
Billy BajemaB. Bajema,STL,STL@OAK,2.00,0,0,0,0,0,0,0,0,0,0,1,13,0,0,0,0
Davone BessD. Bess,MIA,MIA@MIN,2.00,0,0,0,0,0,0,0,0,0,0,1,12,0,0,0,0
Jason CampbellJ. Campbell,OAK,STL@OAK,2.00,15,8,87,0,1,0,3,19,0,0,0,0,0,0,0,0
Tim CastilleT. Castille,KC,KC@CLE,2.00,0,0,0,0,0,0,1,0,0,0,2,8,0,0,0,0
Patrick CraytonP. Crayton,JAX,JAX@SD,2.00,0,0,0,0,0,0,0,0,0,0,1,15,0,0,0,0
Ed DicksonE. Dickson,BAL,BAL@CIN,2.00,0,0,0,0,0,0,0,0,0,0,1,17,0,0,0,0
Heath EvansH. Evans,NO,NO@SF,2.00,0,0,0,0,0,0,1,0,0,0,1,18,0,0,0,0
Brett FavreB. Favre,MIN,MIA@MIN,2.00,36,22,225,0,3,0,0,0,0,0,0,0,0,0,1,0
Pierre GarconP. Garcon,IND,NYG@IND,2.00,0,0,0,0,0,0,0,0,0,0,1,11,0,0,0,0
Toby GerhartT. Gerhart,MIN,MIA@MIN,2.00,0,0,0,0,0,0,4,10,0,0,1,5,0,0,0,0
Daniel GrahamD. Graham,DEN,SEA@DEN,2.00,0,0,0,0,0,0,0,0,0,0,2,6,0,0,0,0
Rob GronkowskiR. Gronkowski,NE,NE@NYJ,2.00,0,0,0,0,0,0,0,0,0,0,1,14,0,0,0,0
Ahmard HallA. Hall,TEN,PIT@TEN,2.00,0,0,0,0,0,0,0,0,0,0,1,13,0,0,0,0
Quinn JohnsonQ. Johnson,GB,BUF@GB,2.00,0,0,0,0,0,0,0,0,0,0,1,11,0,0,0,0
Greg LewisG. Lewis,MIN,MIA@MIN,2.00,0,0,0,0,0,0,0,0,0,0,1,14,0,0,0,0
Heath MillerH. Miller,PIT,PIT@TEN,2.00,0,0,0,0,0,0,0,0,0,0,2,3,0,0,0,0
Garrett MillsG. Mills,PHI,PHI@DET,2.00,0,0,0,0,0,0,0,0,0,0,1,14,0,0,0,0
Sammy MorrisS. Morris,NE,NE@NYJ,2.00,0,0,0,0,0,0,0,0,0,0,1,19,0,0,0,0
Legedu NaaneeL. Naanee,SD,JAX@SD,2.00,0,0,0,0,0,0,0,0,0,0,1,14,0,0,0,0
Ben PatrickB. Patrick,ARI,ARI@ATL,2.00,0,0,0,0,0,0,0,0,0,0,1,11,0,0,0,0
Michael RobinsonM. Robinson,SEA,SEA@DEN,2.00,0,0,0,0,0,0,1,15,0,0,1,7,0,0,0,0
Brian RobiskieB. Robiskie,CLE,KC@CLE,2.00,0,0,0,0,0,0,0,0,0,0,1,12,0,0,0,0
Chansi StuckeyC. Stuckey,CLE,KC@CLE,2.00,0,0,0,0,0,0,0,0,0,0,1,11,0,0,0,0
Brandon TateB. Tate,NE,NE@NYJ,2.00,0,0,0,0,0,0,0,0,0,0,1,17,0,0,0,0
Chester TaylorC. Taylor,CHI,CHI@DAL,2.00,0,0,0,0,0,0,4,6,0,0,2,9,0,0,0,0
D.J. WareD. Ware,NYG,NYG@IND,2.00,0,0,0,0,0,0,2,15,0,0,1,5,0,0,0,0
Ricky WilliamsR. Williams,MIA,MIA@MIN,2.00,0,0,0,0,0,0,10,30,0,0,0,0,0,0,1,0
David AndersonD. Anderson,HOU,HOU@WAS,1.00,0,0,0,0,0,0,0,0,0,0,1,1,0,0,0,0
Charlie BatchC. Batch,PIT,PIT@TEN,1.00,11,5,25,0,0,0,1,0,0,0,0,0,0,0,0,0
Travis BeckumT. Beckum,NYG,NYG@IND,1.00,0,0,0,0,0,0,0,0,0,0,1,1,0,0,0,0
Nate BurlesonN. Burleson,DET,PHI@DET,1.00,0,0,0,0,0,0,0,0,0,0,1,4,0,0,0,0
Nate ByhamN. Byham,SF,NO@SF,1.00,0,0,0,0,0,0,0,0,0,0,1,6,0,0,0,0
Greg CamarilloG. Camarillo,MIN,MIA@MIN,1.00,0,0,0,0,0,0,0,0,0,0,1,3,0,0,0,0
Tashard ChoiceT. Choice,DAL,CHI@DAL,1.00,0,0,0,0,0,0,1,-1,0,0,1,6,0,0,0,0
Jared CookJ. Cook,TEN,PIT@TEN,1.00,0,0,0,0,0,0,0,0,0,0,1,5,0,0,0,0
Dennis DixonD. Dixon,PIT,PIT@TEN,1.00,6,4,18,0,0,0,3,28,0,0,0,0,0,0,1,0
Julian EdelmanJ. Edelman,NE,NE@NYJ,1.00,0,0,0,0,0,0,0,0,0,0,1,6,0,0,0,0
Trent EdwardsT. Edwards,BUF,BUF@GB,1.00,18,11,102,0,2,0,3,12,0,0,0,0,0,0,0,0
BenJarvus Green-EllisB. Green-Ellis,NE,NE@NYJ,1.00,0,0,0,0,0,0,10,19,0,0,0,0,0,0,0,0
Bryant JohnsonB. Johnson,DET,PHI@DET,1.00,0,0,0,0,0,0,0,0,0,0,1,4,0,0,0,0
Greg JonesG. Jones,JAX,JAX@SD,1.00,0,0,0,0,0,0,0,0,0,0,1,5,0,0,0,0
Julius JonesJ. Jones,SEA,SEA@DEN,1.00,0,0,0,0,0,0,4,12,0,0,0,0,0,0,0,0
Mike KarneyM. Karney,STL,STL@OAK,1.00,0,0,0,0,0,0,0,0,0,0,1,1,0,0,0,0
Reggie KellyR. Kelly,CIN,BAL@CIN,1.00,0,0,0,0,0,0,0,0,0,0,1,9,0,0,0,0
Spencer LarsenS. Larsen,DEN,SEA@DEN,1.00,0,0,0,0,0,0,0,0,0,0,1,4,0,0,0,0
Donald LeeD. Lee,GB,BUF@GB,1.00,0,0,0,0,0,0,0,0,0,0,1,-1,0,0,0,0
Mohamed MassaquoiM. Massaquoi,CLE,KC@CLE,1.00,0,0,0,0,0,0,0,0,0,0,1,9,0,0,0,0
Le'Ron McClainL. McClain,BAL,BAL@CIN,1.00,0,0,0,0,0,0,1,3,0,0,1,5,0,0,0,0
Willis McGaheeW. McGahee,BAL,BAL@CIN,1.00,0,0,0,0,0,0,3,10,0,0,0,0,0,0,0,0
Mewelde MooreM. Moore,PIT,PIT@TEN,1.00,0,0,0,0,0,0,2,1,0,0,1,0,0,0,0,0
Moran NorrisM. Norris,SF,NO@SF,1.00,0,0,0,0,0,0,0,0,0,0,1,5,0,0,0,0
Bear PascoeB. Pascoe,NYG,NYG@IND,1.00,0,0,0,0,0,0,0,0,0,0,1,7,0,0,0,0
Dennis PittaD. Pitta,BAL,BAL@CIN,1.00,0,0,0,0,0,0,0,0,0,0,1,1,0,0,0,0
Lousaka PoliteL. Polite,MIA,MIA@MIN,1.00,0,0,0,0,0,0,4,10,0,0,0,0,0,0,0,0
Antwaan Randle ElA. Randle El,PIT,PIT@TEN,1.00,0,0,0,0,0,0,0,0,0,0,1,0,0,0,0,0
Isaac RedmanI. Redman,PIT,PIT@TEN,1.00,0,0,0,0,0,0,4,8,0,0,1,3,0,0,0,0
Laurent RobinsonL. Robinson,STL,STL@OAK,1.00,0,0,0,0,0,0,0,0,0,0,1,4,0,0,0,0
Tony SchefflerT. Scheffler,DET,PHI@DET,1.00,0,0,0,0,0,0,0,0,0,0,1,5,0,0,0,0
Bernard ScottB. Scott,CIN,BAL@CIN,1.00,0,0,0,0,0,0,5,17,0,0,0,0,0,0,0,0
Steve SlatonS. Slaton,HOU,HOU@WAS,1.00,0,0,0,0,0,0,3,14,0,0,0,0,0,0,0,0
Craig StevensC. Stevens,TEN,PIT@TEN,1.00,0,0,0,0,0,0,0,0,0,0,1,9,0,0,0,0
Fred TaylorF. Taylor,NE,NE@NYJ,1.00,0,0,0,0,0,0,5,11,0,0,0,0,0,0,0,0
Hines WardH. Ward,PIT,PIT@TEN,1.00,0,0,0,0,0,0,0,0,0,0,1,9,0,0,0,0
Leon WashingtonL. Washington,SEA,SEA@DEN,1.00,0,0,0,0,0,0,4,17,0,0,0,0,0,0,0,0
Ernest WilfordE. Wilford,JAX,JAX@SD,1.00,0,0,0,0,0,0,0,0,0,0,1,3,0,0,0,0
Mike WilliamsM. Williams,SEA,SEA@DEN,1.00,0,0,0,0,0,0,0,0,0,0,1,7,0,0,0,0
Dominique ZeiglerD. Zeigler,SF,NO@SF,1.00,0,0,0,0,0,0,0,0,0,0,1,2,0,0,0,0
Mike BellM. Bell,PHI,PHI@DET,0.00,0,0,0,0,0,0,4,0,0,0,0,0,0,0,0,0
Jimmy ClausenJ. Clausen,CAR,TB@CAR,0.00,13,7,59,0,1,0,1,0,0,0,0,0,0,0,0,0
Kenneth DarbyK. Darby,STL,STL@OAK,0.00,0,0,0,0,0,0,2,0,0,0,0,0,0,0,0,0
Tony FiammettaT. Fiammetta,CAR,TB@CAR,0.00,0,0,0,0,0,0,1,0,0,0,0,0,0,0,0,0
Mike HartM. Hart,IND,NYG@IND,0.00,0,0,0,0,0,0,2,4,0,0,0,0,0,0,0,0
Jacob HesterJ. Hester,SD,JAX@SD,0.00,0,0,0,0,0,0,3,7,0,0,0,0,0,0,0,0
Brandon JacobsB. Jacobs,NYG,NYG@IND,0.00,0,0,0,0,0,0,4,8,0,0,0,0,0,0,0,0
Larry JohnsonL. Johnson,WAS,HOU@WAS,0.00,0,0,0,0,0,0,2,-7,0,0,0,0,0,0,0,0
Dexter McClusterD. McCluster,KC,KC@CLE,0.00,0,0,0,0,0,0,1,3,0,0,0,0,0,0,0,0
Corey McIntyreC. McIntyre,BUF,BUF@GB,0.00,0,0,0,0,0,0,1,2,0,0,0,0,0,0,0,0
Maurice MorrisM. Morris,DET,PHI@DET,0.00,0,0,0,0,0,0,3,8,0,0,0,0,0,0,0,0
Dimitri NanceD. Nance,BUF,BUF@GB,0.00,0,0,0,0,0,0,2,6,0,0,0,0,0,0,0,0
Javon RingerJ. Ringer,TEN,PIT@TEN,0.00,0,0,0,0,0,0,2,1,0,0,0,0,0,0,0,0
Micheal SpurlockM. Spurlock,TB,TB@CAR,0.00,1,0,0,0,0,0,0,0,0,0,0,0,0,0,0,0
Naufahu TahiN. Tahi,MIN,MIA@MIN,0.00,0,0,0,0,0,0,1,1,0,0,0,0,0,0,0,0
Billy VolekB. Volek,SD,JAX@SD,0.00,0,0,0,0,0,0,1,-1,0,0,0,0,0,0,0,0
Brian WestbrookB. Westbrook,SF,NO@SF,0.00,0,0,0,0,0,0,1,0,0,0,0,0,0,0,0,0
Jason WrightJ. Wright,ARI,ARI@ATL,0.00,0,0,0,0,0,0,2,3,0,0,0,0,0,0,0,0
Marc MarianiM. Mariani,TEN,PIT@TEN,-1.00,0,0,0,0,0,0,0,0,0,0,0,0,0,0,1,0
Devin MooreD. Moore,IND,NYG@IND,-1.00,0,0,0,0,0,0,2,-2,0,0,0,0,0,0,1,0
Max HallM. Hall,ARI,ARI@ATL,-2.00,2,1,3,0,1,0,0,0,0,0,0,0,0,0,0,0
Vince YoungV. Young,TEN,PIT@TEN,-2.00,10,7,66,0,2,0,2,12,0,0,0,0,0,0,1,0
