Player,Team,Game,Points,Passing Attempts,Passing Completions,Passing Yards,Passing TDs,Interceptions,Passing 2Pt Conv,Rushing Attempts,Rushing Yards,Rushing TDs,Rushing 2Pt Conv,Receptions,Receiving Yards,Receiving TDs,Receiving 2Pt Conv,Fumbles,Fumble TDs
Austin CollieA. Collie,IND,IND@DEN,41.00,0,0,0,0,0,0,0,0,0,0,12,171,2,0,0,0
Anquan BoldinA. Boldin,BAL,CLE@BAL,40.00,1,1,-6,0,0,0,0,0,0,0,8,142,3,0,0,0
Michael VickM. Vick,PHI,PHI@JAX,38.00,31,17,291,3,0,0,4,30,1,0,0,0,0,0,0,0
Adrian PetersonA. Peterson,MIN,DET@MIN,36.00,0,0,0,0,0,0,23,160,2,0,5,30,0,0,0,0
Brandon MarshallB. Marshall,MIA,NYJ@MIA,32.00,0,0,0,0,0,0,2,3,0,0,10,166,1,0,0,0
Lance MooreL. Moore,NO,ATL@NO,32.00,0,0,0,0,0,0,0,0,0,0,6,149,2,0,0,0
Peyton ManningP. Manning,IND,IND@DEN,31.00,43,27,325,3,0,0,2,-1,0,0,0,0,0,0,0,0
Peyton HillisP. Hillis,CLE,CLE@BAL,30.00,0,0,0,0,0,0,22,144,1,0,7,36,0,0,0,0
Tom BradyT. Brady,NE,BUF@NE,28.00,27,21,252,3,0,0,4,6,0,0,0,0,0,0,0,0
Drew BreesD. Brees,NO,ATL@NO,28.00,38,30,365,3,2,0,0,0,0,0,0,0,0,0,0,0
Joe FlaccoJ. Flacco,BAL,CLE@BAL,28.00,31,22,262,3,0,0,4,-4,0,0,0,0,0,0,0,0
Brandon LloydB. Lloyd,DEN,IND@DEN,28.00,0,0,0,0,0,0,0,0,0,0,6,169,1,0,0,0
Philip RiversP. Rivers,SD,SD@SEA,28.00,53,29,455,2,2,1,1,2,0,0,0,0,0,0,0,0
Mark SanchezM. Sanchez,NYJ,NYJ@MIA,28.00,28,15,256,3,0,0,1,-1,0,0,0,0,0,0,0,0
Roy WilliamsR. Williams,DAL,DAL@HOU,28.00,0,0,0,0,0,0,0,0,0,0,5,117,2,0,0,0
Dustin KellerD. Keller,NYJ,NYJ@MIA,27.00,0,0,0,0,0,0,0,0,0,0,6,98,2,0,0,0
Matt CasselM. Cassel,KC,SF@KC,26.00,27,16,250,3,1,0,2,7,0,0,0,0,0,0,0,0
Jabar GaffneyJ. Gaffney,DEN,IND@DEN,26.00,0,0,0,0,0,0,0,0,0,0,12,140,0,0,0,0
DeSean JacksonD. Jackson,PHI,PHI@JAX,26.00,0,0,0,0,0,0,1,8,0,0,5,153,1,0,0,0
Tony GonzalezT. Gonzalez,ATL,ATL@NO,25.00,0,0,0,0,0,0,0,0,0,0,8,110,1,0,0,0
Mike WallaceM. Wallace,PIT,PIT@TB,25.00,0,0,0,0,0,0,1,-1,0,0,3,100,2,0,0,0
Chad HenneC. Henne,MIA,NYJ@MIA,24.00,44,26,363,2,1,0,1,1,0,0,0,0,0,0,0,0
Chris JohnsonC. Johnson,TEN,TEN@NYG,24.00,0,0,0,0,0,0,32,125,2,0,0,0,0,0,0,0
Jeremy MaclinJ. Maclin,PHI,PHI@JAX,24.00,0,0,0,0,0,0,0,0,0,0,4,83,2,0,0,0
Kyle OrtonK. Orton,DEN,IND@DEN,24.00,57,37,476,1,1,0,2,11,0,0,0,0,0,0,0,0
Aaron RodgersA. Rodgers,GB,GB@CHI,24.00,45,34,316,1,1,0,2,20,1,0,0,0,0,0,0,0
Charlie BatchC. Batch,PIT,PIT@TB,23.00,17,12,186,3,2,0,5,26,0,0,0,0,0,0,0,0
Antonio GatesA. Gates,SD,SD@SEA,23.00,0,0,0,0,0,0,0,0,0,0,7,109,1,0,0,0
Frank GoreF. Gore,SF,SF@KC,23.00,0,0,0,0,0,0,15,43,0,0,9,102,0,0,0,0
Santana MossS. Moss,WAS,WAS@STL,23.00,0,0,0,0,0,0,0,0,0,0,6,124,1,0,1,0
Tony RomoT. Romo,DAL,DAL@HOU,23.00,30,23,284,2,0,0,1,-1,0,0,0,0,0,0,0,0
Matt RyanM. Ryan,ATL,ATL@NO,23.00,30,19,228,2,0,0,6,26,0,0,0,0,0,0,0,0
Cedric BensonC. Benson,CIN,CIN@CAR,22.00,0,0,0,0,0,0,27,81,1,0,2,9,1,0,0,0
Ahmad BradshawA. Bradshaw,NYG,TEN@NYG,21.00,0,0,0,0,0,0,15,88,1,0,5,30,0,0,1,0
Malcom FloydM. Floyd,SD,SD@SEA,21.00,0,0,0,0,0,0,0,0,0,0,6,97,1,0,0,0
Jeremy ShockeyJ. Shockey,NO,ATL@NO,21.00,0,0,0,0,0,0,0,0,0,0,8,78,1,0,0,0
Jermichael FinleyJ. Finley,GB,GB@CHI,20.00,0,0,0,0,0,0,0,0,0,0,9,115,0,0,0,0
Rashard MendenhallR. Mendenhall,PIT,PIT@TB,20.00,0,0,0,0,0,0,19,143,1,0,0,0,0,0,0,0
Michael TurnerM. Turner,ATL,ATL@NO,20.00,0,0,0,0,0,0,30,114,1,0,2,11,0,0,0,0
Percy HarvinP. Harvin,MIN,DET@MIN,19.00,0,0,0,0,0,0,2,13,0,0,6,62,1,0,0,0
Darren McFaddenD. McFadden,OAK,OAK@ARI,19.00,0,0,0,0,0,0,25,105,1,0,2,17,0,0,0,0
Tony SchefflerT. Scheffler,DET,DET@MIN,19.00,0,0,0,0,0,0,0,0,0,0,7,60,1,0,0,0
Steve SmithS. Smith,NYG,TEN@NYG,19.00,0,0,0,0,0,0,0,0,0,0,9,103,0,0,0,0
Ryan FitzpatrickR. Fitzpatrick,BUF,BUF@NE,18.00,28,20,247,2,2,0,3,18,0,0,0,0,0,0,0,0
Randy MossR. Moss,BUF,BUF@NE,18.00,0,0,0,0,0,0,0,0,0,0,2,42,2,0,0,0
John CarlsonJ. Carlson,SEA,SD@SEA,17.00,0,0,0,0,0,0,0,0,0,0,5,61,1,0,0,0
Jamaal CharlesJ. Charles,KC,SF@KC,17.00,0,0,0,0,0,0,12,97,0,0,3,57,0,0,0,0
Greg OlsenG. Olsen,CHI,GB@CHI,17.00,0,0,0,0,0,0,0,0,0,0,5,64,1,0,0,0
LaDainian TomlinsonL. Tomlinson,NYJ,NYJ@MIA,17.00,0,0,0,0,0,0,15,70,1,0,3,18,0,0,0,0
Roddy WhiteR. White,ATL,ATL@NO,17.00,0,0,0,0,0,0,0,0,0,0,5,69,1,0,0,0
Braylon EdwardsB. Edwards,NYJ,NYJ@MIA,16.00,0,0,0,0,0,0,0,0,0,0,2,87,1,0,0,0
BenJarvus Green-EllisB. Green-Ellis,NE,BUF@NE,16.00,0,0,0,0,0,0,16,98,1,0,1,6,0,0,0,0
Thomas JonesT. Jones,KC,SF@KC,16.00,0,0,0,0,0,0,19,95,1,0,1,1,0,0,0,0
Zach MillerZ. Miller,OAK,OAK@ARI,16.00,0,0,0,0,0,0,0,0,0,0,4,64,1,0,0,0
Louis MurphyL. Murphy,OAK,OAK@ARI,16.00,0,0,0,0,0,0,0,0,0,0,5,119,0,0,0,0
Jay CutlerJ. Cutler,CHI,GB@CHI,15.00,27,16,221,1,1,0,3,37,0,0,0,0,0,0,0,0
Donald DriverD. Driver,GB,GB@CHI,15.00,0,0,0,0,0,0,0,0,0,0,9,61,0,0,0,0
Arian FosterA. Foster,HOU,DAL@HOU,15.00,0,0,0,0,0,0,17,106,0,0,4,20,0,0,1,0
Bruce GradkowskiB. Gradkowski,OAK,OAK@ARI,15.00,34,17,255,1,1,0,4,13,0,0,0,0,0,0,0,0
Stevie JohnsonS. Johnson,BUF,BUF@NE,15.00,0,0,0,0,0,0,0,0,0,0,3,66,1,0,0,0
Dexter McClusterD. McCluster,KC,SF@KC,15.00,0,0,0,0,0,0,2,-1,0,0,3,69,1,0,0,0
Donovan McNabbD. McNabb,WAS,WAS@STL,15.00,32,19,236,1,1,0,2,25,0,0,0,0,0,0,0,0
Pierre ThomasP. Thomas,NO,ATL@NO,15.00,0,0,0,0,0,0,9,30,0,0,6,61,0,0,0,0
Benjamin WatsonB. Watson,CLE,CLE@BAL,15.00,0,0,0,0,0,0,0,0,0,0,5,47,1,0,0,0
Derek AndersonD. Anderson,ARI,OAK@ARI,14.00,26,12,122,2,1,0,0,0,0,0,0,0,0,0,0,0
Davone BessD. Bess,MIA,NYJ@MIA,14.00,0,0,0,0,0,0,0,0,0,0,6,86,0,0,0,0
Dwayne BoweD. Bowe,KC,SF@KC,14.00,0,0,0,0,0,0,0,0,0,0,2,61,1,0,0,0
Steve BreastonS. Breaston,ARI,OAK@ARI,14.00,0,0,0,0,0,0,1,4,0,0,4,41,1,0,0,0
Tony MoeakiT. Moeaki,KC,SF@KC,14.00,0,0,0,0,0,0,0,0,0,0,4,44,1,0,0,0
Sam BradfordS. Bradford,STL,WAS@STL,13.00,37,23,235,1,1,0,1,2,0,0,0,0,0,0,0,0
Mark ClaytonM. Clayton,WAS,WAS@STL,13.00,0,0,0,0,0,0,0,0,0,0,5,85,0,0,0,0
Rob GronkowskiR. Gronkowski,NE,BUF@NE,13.00,0,0,0,0,0,0,0,0,0,0,3,43,1,0,0,0
Brian HartlineB. Hartline,MIA,NYJ@MIA,13.00,0,0,0,0,0,0,0,0,0,0,5,84,0,0,0,0
Aaron HernandezA. Hernandez,NE,BUF@NE,13.00,0,0,0,0,0,0,1,13,0,0,6,65,0,0,0,0
Johnny KnoxJ. Knox,CHI,GB@CHI,13.00,0,0,0,0,0,0,1,2,0,0,4,94,0,0,0,0
Mario ManninghamM. Manningham,NYG,TEN@NYG,13.00,0,0,0,0,0,0,0,0,0,0,6,78,0,0,0,0
Roscoe ParrishR. Parrish,BUF,BUF@NE,13.00,0,0,0,0,0,0,0,0,0,0,5,83,0,0,0,0
Ray RiceR. Rice,BAL,CLE@BAL,13.00,0,0,0,0,0,0,15,80,0,0,4,16,0,0,0,0
Alex SmithA. Smith,SF,SF@KC,13.00,42,23,232,1,1,0,0,0,0,0,0,0,0,0,0,0
Marion BarberM. Barber,DAL,DAL@HOU,12.00,0,0,0,0,0,0,17,55,1,0,1,5,0,0,0,0
Joshua CribbsJ. Cribbs,CLE,CLE@BAL,12.00,0,0,0,0,0,0,2,20,0,0,5,58,0,0,0,0
Justin ForsettJ. Forsett,SEA,SD@SEA,12.00,0,0,0,0,0,0,17,63,0,0,3,31,0,0,0,0
Matt HasselbeckM. Hasselbeck,SEA,SD@SEA,12.00,32,19,220,1,1,0,3,5,0,0,0,0,0,0,0,0
Steven JacksonS. Jackson,STL,WAS@STL,12.00,0,0,0,0,0,0,10,58,1,0,1,6,0,0,0,0
Hakeem NicksH. Nicks,NYG,TEN@NYG,12.00,0,0,0,0,0,0,0,0,0,0,7,56,0,0,0,0
C.J. SpillerC. Spiller,BUF,BUF@NE,12.00,0,0,0,0,0,0,4,29,0,0,3,10,1,0,0,0
Kevin WalterK. Walter,HOU,DAL@HOU,12.00,0,0,0,0,0,0,0,0,0,0,3,34,1,0,0,0
Hines WardH. Ward,PIT,PIT@TB,12.00,0,0,0,0,0,0,1,-2,0,0,3,34,1,0,0,0
Jason WittenJ. Witten,DAL,DAL@HOU,12.00,0,0,0,0,0,0,0,0,0,0,7,56,0,0,0,0
Danny AmendolaD. Amendola,STL,WAS@STL,11.00,0,0,0,0,0,0,0,0,0,0,6,56,0,0,0,0
Kevin BossK. Boss,NYG,TEN@NYG,11.00,0,0,0,0,0,0,0,0,0,0,3,88,0,0,0,0
Kenneth DarbyK. Darby,STL,WAS@STL,11.00,0,0,0,0,0,0,14,49,1,0,1,8,0,0,0,0
Craig DavisC. Davis,SD,SD@SEA,11.00,0,0,0,0,0,0,0,0,0,0,3,82,0,0,0,0
Daniel FellsD. Fells,STL,WAS@STL,11.00,0,0,0,0,0,0,0,0,0,0,3,22,1,0,0,0
Shaun HillS. Hill,DET,DET@MIN,11.00,43,29,237,1,2,0,2,4,0,0,0,0,0,0,0,0
Calvin JohnsonC. Johnson,DET,DET@MIN,11.00,0,0,0,0,0,0,1,2,0,0,6,56,0,0,0,0
Eli ManningE. Manning,NYG,TEN@NYG,11.00,48,34,386,0,2,0,1,2,0,0,0,0,0,0,0,0
Matt SchaubM. Schaub,HOU,DAL@HOU,11.00,32,23,241,1,2,0,0,0,0,0,0,0,0,0,0,0
Seneca WallaceS. Wallace,CLE,CLE@BAL,11.00,24,18,141,1,0,0,1,0,0,0,0,0,0,0,0,0
Blair WhiteB. White,IND,IND@DEN,11.00,0,0,0,0,0,0,0,0,0,0,3,27,1,0,0,0
Deion BranchD. Branch,SD,SD@SEA,10.00,0,0,0,0,0,0,0,0,0,0,5,60,0,0,1,0
Kenny BrittK. Britt,TEN,TEN@NYG,10.00,0,0,0,0,0,0,0,0,0,0,2,26,1,0,0,0
Correll BuckhalterC. Buckhalter,DEN,IND@DEN,10.00,0,0,0,0,0,0,4,12,0,0,6,33,0,0,0,0
Chris CooleyC. Cooley,WAS,WAS@STL,10.00,0,0,0,0,0,0,0,0,0,0,5,53,0,0,0,0
Lee EvansL. Evans,BUF,BUF@NE,10.00,0,0,0,0,0,0,0,0,0,0,5,54,0,0,0,0
Brett FavreB. Favre,MIN,DET@MIN,10.00,34,23,201,1,2,0,2,-2,0,0,0,0,0,0,0,0
Larry FitzgeraldL. Fitzgerald,ARI,OAK@ARI,10.00,0,0,0,0,0,0,0,0,0,0,2,26,1,0,0,0
Earnest GrahamE. Graham,TB,PIT@TB,10.00,0,0,0,0,0,0,2,13,0,0,4,57,0,0,0,0
Andre JohnsonA. Johnson,HOU,DAL@HOU,10.00,0,0,0,0,0,0,0,0,0,0,4,64,0,0,0,0
Jacoby JonesJ. Jones,HOU,DAL@HOU,10.00,0,0,0,0,0,0,0,0,0,0,5,51,0,0,0,0
Maurice Jones-DrewM. Jones-Drew,JAX,PHI@JAX,10.00,0,0,0,0,0,0,22,88,0,0,2,1,0,0,0,0
Legedu NaaneeL. Naanee,SD,SD@SEA,10.00,0,0,0,0,0,0,2,-2,0,0,4,53,0,1,1,0
Brandon PettigrewB. Pettigrew,DET,DET@MIN,10.00,0,0,0,0,0,0,0,0,0,0,6,44,0,0,0,0
Mike TolbertM. Tolbert,SD,SD@SEA,10.00,0,0,0,0,0,0,17,73,0,0,3,17,0,0,1,0
Reggie WayneR. Wayne,IND,IND@DEN,10.00,0,0,0,0,0,0,0,0,0,0,4,65,0,0,0,0
Danny WoodheadD. Woodhead,NE,BUF@NE,10.00,0,0,0,0,0,0,3,42,1,0,0,0,0,0,0,0
Vince YoungV. Young,TEN,TEN@NYG,10.00,16,10,118,1,0,0,3,6,0,0,0,0,0,0,0,0
Dez BryantD. Bryant,DAL,DAL@HOU,9.00,0,0,0,0,0,0,0,0,0,0,4,50,0,0,0,0
Dallas ClarkD. Clark,IND,IND@DEN,9.00,0,0,0,0,0,0,0,0,0,0,5,44,0,0,0,0
Anthony FasanoA. Fasano,MIA,NYJ@MIA,9.00,0,0,0,0,0,0,0,0,0,0,2,14,1,0,0,0
Jermaine GreshamJ. Gresham,CIN,CIN@CAR,9.00,0,0,0,0,0,0,0,0,0,0,4,59,0,0,0,0
Greg JenningsG. Jennings,GB,GB@CHI,9.00,0,0,0,0,0,0,0,0,0,0,2,18,1,0,0,0
James JonesJ. Jones,GB,GB@CHI,9.00,0,0,0,0,0,0,0,0,0,0,5,55,0,0,1,0
Carson PalmerC. Palmer,CIN,CIN@CAR,9.00,37,19,195,1,2,0,5,8,0,0,0,0,0,0,0,0
Jonathan StewartJ. Stewart,CAR,CIN@CAR,9.00,0,0,0,0,0,0,8,13,1,0,2,18,0,0,1,0
Carnell WilliamsC. Williams,TB,PIT@TB,9.00,0,0,0,0,0,0,6,13,0,0,5,33,0,0,0,0
Mike WilliamsM. Williams,TB,PIT@TB,9.00,0,0,0,0,0,0,0,0,0,0,5,55,0,0,1,0
LeGarrette BlountL. Blount,PIT,PIT@TB,8.00,0,0,0,0,0,0,6,27,1,0,0,0,0,0,0,0
Brent CelekB. Celek,PHI,PHI@JAX,8.00,0,0,0,0,0,0,0,0,0,0,4,42,0,0,0,0
Patrick CraytonP. Crayton,SD,SD@SEA,8.00,0,0,0,0,0,0,0,0,0,0,3,57,0,0,0,0
Mike GoodsonM. Goodson,CAR,CIN@CAR,8.00,0,0,0,0,0,0,0,0,0,0,4,47,0,0,0,0
Todd HeapT. Heap,BAL,CLE@BAL,8.00,0,0,0,0,0,0,0,0,0,0,4,46,0,0,0,0
Marshawn LynchM. Lynch,BUF,BUF@NE,8.00,0,0,0,0,0,0,13,79,0,0,1,7,0,0,0,0
Laurence MaroneyL. Maroney,DEN,IND@DEN,8.00,0,0,0,0,0,0,12,24,0,0,2,40,0,0,0,0
Josh MorganJ. Morgan,SF,SF@KC,8.00,0,0,0,0,0,0,0,0,0,0,1,12,1,0,0,0
Maurice MorrisM. Morris,DET,DET@MIN,8.00,0,0,0,0,0,0,6,5,0,0,5,36,0,0,0,0
Terrell OwensT. Owens,CIN,CIN@CAR,8.00,0,0,0,0,0,0,0,0,0,0,4,42,0,0,0,0
Wes WelkerW. Welker,NE,BUF@NE,8.00,0,0,0,0,0,0,0,0,0,0,4,45,0,0,0,0
Ronnie BrownR. Brown,MIA,NYJ@MIA,7.00,1,0,0,0,0,0,11,54,0,0,2,-1,0,0,0,0
Darrius Heyward-BeyD. Heyward-Bey,OAK,OAK@ARI,7.00,0,0,0,0,0,0,0,0,0,0,3,49,0,0,0,0
Brandon JacksonB. Jackson,GB,GB@CHI,7.00,0,0,0,0,0,0,7,12,0,0,4,27,0,0,0,0
Chad JohnsonC. Johnson,CIN,CIN@CAR,7.00,0,0,0,0,0,0,0,0,0,0,4,34,0,0,0,0
John KuhnJ. Kuhn,GB,GB@CHI,7.00,0,0,0,0,0,0,6,31,0,0,2,20,0,0,0,0
Derrick MasonD. Mason,BAL,CLE@BAL,7.00,0,0,0,0,0,0,0,0,0,0,4,30,0,0,0,0
LeSean McCoyL. McCoy,PHI,PHI@JAX,7.00,0,0,0,0,0,0,11,54,0,0,2,7,0,0,0,0
Jason SnellingJ. Snelling,ATL,ATL@NO,7.00,0,0,0,0,0,0,14,62,0,0,1,8,0,0,0,0
Golden TateG. Tate,SEA,SD@SEA,7.00,0,0,0,0,0,0,0,0,0,0,4,33,0,0,0,0
Beanie WellsB. Wells,ARI,OAK@ARI,7.00,0,0,0,0,0,0,14,75,0,0,0,0,0,0,0,0
Arrelious BennA. Benn,TB,PIT@TB,6.00,0,0,0,0,0,0,0,0,0,0,3,33,0,0,0,0
Marques ColstonM. Colston,NO,ATL@NO,6.00,0,0,0,0,0,0,0,0,0,0,4,25,0,0,0,0
Michael CrabtreeM. Crabtree,SF,SF@KC,6.00,0,0,0,0,0,0,0,0,0,0,3,37,0,0,0,0
Josh FreemanJ. Freeman,TB,PIT@TB,6.00,31,20,184,0,1,0,6,15,0,0,0,0,0,0,0,0
Justin GageJ. Gage,TEN,TEN@NYG,6.00,0,0,0,0,0,0,0,0,0,0,3,39,0,0,0,0
David GettisD. Gettis,CAR,CIN@CAR,6.00,0,0,0,0,0,0,0,0,0,0,3,32,0,0,0,0
Brandon GibsonB. Gibson,STL,WAS@STL,6.00,0,0,0,0,0,0,0,0,0,0,3,33,0,0,0,0
Greg LewisG. Lewis,MIN,DET@MIN,6.00,0,0,0,0,0,0,0,0,0,0,3,30,0,0,0,0
Clinton PortisC. Portis,WAS,WAS@STL,6.00,0,0,0,0,0,0,7,44,0,0,1,14,0,0,0,0
Eddie RoyalE. Royal,DEN,IND@DEN,6.00,0,0,0,0,0,0,0,0,0,0,4,23,0,0,0,0
Jordan ShipleyJ. Shipley,CIN,CIN@CAR,6.00,0,0,0,0,0,0,0,0,0,0,3,37,0,0,0,0
Brad SmithB. Smith,NYJ,NYJ@MIA,6.00,0,0,0,0,0,0,3,41,0,0,1,11,0,0,0,0
Demaryius ThomasD. Thomas,DEN,IND@DEN,6.00,0,0,0,0,0,0,0,0,0,0,2,43,0,0,0,0
Nate WashingtonN. Washington,TEN,TEN@NYG,6.00,0,0,0,0,0,0,0,0,0,0,3,30,0,0,0,0
DeAngelo WilliamsD. Williams,CAR,CIN@CAR,6.00,0,0,0,0,0,0,10,64,0,0,0,0,0,0,0,0
Dominique ZeiglerD. Zeigler,SF,SF@KC,6.00,0,0,0,0,0,0,0,0,0,0,3,38,0,0,0,0
Joseph AddaiJ. Addai,IND,IND@DEN,5.00,0,0,0,0,0,0,13,29,0,0,2,10,0,0,0,0
Earl BennettE. Bennett,CHI,GB@CHI,5.00,0,0,0,0,0,0,0,0,0,0,3,21,0,0,0,0
Martellus BennettM. Bennett,DAL,DAL@HOU,5.00,0,0,0,0,0,0,0,0,0,0,3,26,0,0,0,0
Jahvid BestJ. Best,DET,DET@MIN,5.00,0,0,0,0,0,0,7,26,0,0,2,13,0,0,0,0
Owen DanielsO. Daniels,HOU,DAL@HOU,5.00,0,0,0,0,0,0,0,0,0,0,3,27,0,0,0,0
Vernon DavisV. Davis,SF,SF@KC,5.00,0,0,0,0,0,0,0,0,0,0,3,22,0,0,0,0
Matt ForteM. Forte,CHI,GB@CHI,5.00,0,0,0,0,0,0,11,29,0,0,2,14,0,0,0,0
David GarrardD. Garrard,JAX,PHI@JAX,5.00,30,13,105,0,1,0,7,32,0,0,0,0,0,0,0,0
Tim HightowerT. Hightower,ARI,OAK@ARI,5.00,0,0,0,0,0,0,11,40,0,0,1,0,0,0,0,0
Brandon LaFellB. LaFell,CAR,CIN@CAR,5.00,0,0,0,0,0,0,0,0,0,0,1,44,0,0,0,0
Jordy NelsonJ. Nelson,GB,GB@CHI,5.00,0,0,0,0,0,0,0,0,0,0,3,20,0,0,0,0
Mike Sims-WalkerM. Sims-Walker,JAX,PHI@JAX,5.00,0,0,0,0,0,0,0,0,0,0,2,34,0,0,0,0
Steve SmithS. Smith,CAR,CIN@CAR,5.00,0,0,0,0,0,0,0,0,0,0,3,22,0,0,0,0
Sammie StroughterS. Stroughter,TB,PIT@TB,5.00,0,0,0,0,0,0,0,0,0,0,4,17,0,0,0,0
Jonathan StuparJ. Stupar,BUF,BUF@NE,5.00,0,0,0,0,0,0,0,0,0,0,3,27,0,0,0,0
Brandon TateB. Tate,NE,BUF@NE,5.00,0,0,0,0,0,0,1,5,0,0,2,43,0,0,1,0
David ThomasD. Thomas,NO,ATL@NO,5.00,0,0,0,0,0,0,0,0,0,0,3,24,0,0,0,0
Mike WilliamsM. Williams,SEA,SD@SEA,5.00,0,0,0,0,0,0,0,0,0,0,2,35,0,0,0,0
Kellen WinslowK. Winslow,TB,PIT@TB,5.00,0,0,0,0,0,0,0,0,0,0,3,24,0,0,0,0
Miles AustinM. Austin,DAL,DAL@HOU,4.00,0,0,0,0,0,0,0,0,0,0,2,20,0,0,0,0
Travis BeckumT. Beckum,NYG,TEN@NYG,4.00,0,0,0,0,0,0,0,0,0,0,2,23,0,0,0,0
Jimmy ClausenJ. Clausen,CAR,CIN@CAR,4.00,33,16,188,0,1,0,6,10,0,0,0,0,0,0,2,0
Jerricho CotcheryJ. Cotchery,NYJ,NYJ@MIA,4.00,0,0,0,0,0,0,0,0,0,0,2,20,0,0,0,0
Devery HendersonD. Henderson,NO,ATL@NO,4.00,0,0,0,0,0,0,0,0,0,0,2,23,0,0,0,0
Felix JonesF. Jones,DAL,DAL@HOU,4.00,0,0,0,0,0,0,7,43,0,0,0,0,0,0,0,0
Marcedes LewisM. Lewis,JAX,PHI@JAX,4.00,0,0,0,0,0,0,0,0,0,0,3,15,0,0,0,0
Heath MillerH. Miller,PIT,PIT@TB,4.00,0,0,0,0,0,0,0,0,0,0,2,25,0,0,0,0
Ovie MughelliO. Mughelli,ATL,ATL@NO,4.00,0,0,0,0,0,0,0,0,0,0,2,29,0,0,0,0
Ben PatrickB. Patrick,ARI,OAK@ARI,4.00,0,0,0,0,0,0,0,0,0,0,2,29,0,0,0,0
Isaac RedmanI. Redman,PIT,PIT@TB,4.00,0,0,0,0,0,0,5,31,0,0,1,9,0,0,0,0
Bo ScaifeB. Scaife,TEN,TEN@NYG,4.00,0,0,0,0,0,0,0,0,0,0,2,23,0,0,0,0
Ryan TorainR. Torain,WAS,WAS@STL,4.00,0,0,0,0,0,0,7,46,0,0,0,0,0,0,0,0
Derrick WilliamsD. Williams,DET,DET@MIN,4.00,0,0,0,0,0,0,0,0,0,0,2,23,0,0,0,0
Bernard BerrianB. Berrian,MIN,DET@MIN,3.00,0,0,0,0,0,0,0,0,0,0,2,11,0,0,0,0
Greg CamarilloG. Camarillo,MIN,DET@MIN,3.00,0,0,0,0,0,0,0,0,0,0,2,16,0,0,0,0
Tim CastilleT. Castille,KC,SF@KC,3.00,0,0,0,0,0,0,0,0,0,0,2,12,0,0,0,0
David ClowneyD. Clowney,NYJ,NYJ@MIA,3.00,0,0,0,0,0,0,0,0,0,0,1,22,0,0,0,0
Fred DavisF. Davis,WAS,WAS@STL,3.00,0,0,0,0,0,0,0,0,0,0,2,11,0,0,0,0
Julian EdelmanJ. Edelman,NE,BUF@NE,3.00,0,0,0,0,0,0,1,1,0,0,3,8,0,0,0,0
Daniel GrahamD. Graham,DEN,IND@DEN,3.00,0,0,0,0,0,0,0,0,0,0,3,9,0,0,0,0
Shonn GreeneS. Greene,NYJ,NYJ@MIA,3.00,0,0,0,0,0,0,10,36,0,0,0,0,0,0,0,0
Rashad JenningsR. Jennings,JAX,PHI@JAX,3.00,0,0,0,0,0,0,3,19,0,0,1,14,0,0,0,0
Jim KleinsasserJ. Kleinsasser,MIN,DET@MIN,3.00,0,0,0,0,0,0,0,0,0,0,2,17,0,0,0,0
Le'Ron McClainL. McClain,BAL,CLE@BAL,3.00,0,0,0,0,0,0,1,4,0,0,2,18,0,0,0,0
Randy McMichaelR. McMichael,SD,SD@SEA,3.00,0,0,0,0,0,0,0,0,0,0,1,28,0,0,0,0
Fendi OnobunF. Onobun,STL,WAS@STL,3.00,0,0,0,0,0,0,0,0,0,0,2,15,0,0,0,0
Javon RingerJ. Ringer,TEN,TEN@NYG,3.00,0,0,0,0,0,0,6,30,0,0,0,0,0,0,0,0
Dante RosarioD. Rosario,CAR,CIN@CAR,3.00,0,0,0,0,0,0,0,0,0,0,2,12,0,0,0,0
Mike SellersM. Sellers,WAS,WAS@STL,3.00,0,0,0,0,0,0,1,1,0,0,2,10,0,0,0,0
Jerramy StevensJ. Stevens,TB,PIT@TB,3.00,0,0,0,0,0,0,0,0,0,0,1,22,0,0,0,0
Tiquan UnderwoodT. Underwood,JAX,PHI@JAX,3.00,0,0,0,0,0,0,0,0,0,0,1,22,0,0,0,0
Keiland WilliamsK. Williams,WAS,WAS@STL,3.00,0,0,0,0,0,0,0,0,0,0,2,14,0,0,0,0
Hank BaskettH. Baskett,MIN,DET@MIN,2.00,0,0,0,0,0,0,0,0,0,0,1,18,0,0,0,0
Desmond ClarkD. Clark,CHI,GB@CHI,2.00,0,0,0,0,0,0,0,0,0,0,1,12,0,0,0,0
Joel DreessenJ. Dreessen,HOU,DAL@HOU,2.00,0,0,0,0,0,0,0,0,0,0,1,18,0,0,0,0
Jeff DuganJ. Dugan,MIN,DET@MIN,2.00,0,0,0,0,0,0,0,0,0,0,1,10,0,0,0,0
Devin HesterD. Hester,CHI,GB@CHI,2.00,0,0,0,0,0,0,0,0,0,0,1,16,0,0,0,0
Sam HurdS. Hurd,DAL,DAL@HOU,2.00,0,0,0,0,0,0,0,0,0,0,1,10,0,0,0,0
Brandon JacobsB. Jacobs,NYG,TEN@NYG,2.00,0,0,0,0,0,0,4,17,0,0,1,1,0,0,0,0
Josh JohnsonJ. Johnson,TB,PIT@TB,2.00,6,6,67,0,0,0,1,7,0,0,0,0,0,0,0,0
Jeff KingJ. King,CAR,CIN@CAR,2.00,0,0,0,0,0,0,0,0,0,0,1,13,0,0,0,0
Vonta LeachV. Leach,HOU,DAL@HOU,2.00,0,0,0,0,0,0,0,0,0,0,1,18,0,0,0,0
Brian LeonardB. Leonard,CIN,CIN@CAR,2.00,0,0,0,0,0,0,3,16,0,0,1,6,0,0,0,0
Willis McGaheeW. McGahee,BAL,CLE@BAL,2.00,0,0,0,0,0,0,7,29,0,0,0,0,0,0,0,0
Mewelde MooreM. Moore,PIT,PIT@TB,2.00,0,0,0,0,0,0,1,4,0,0,2,4,0,0,0,0
Lousaka PoliteL. Polite,MIA,NYJ@MIA,2.00,0,0,0,0,0,0,1,4,0,0,1,14,0,0,0,0
Antwaan Randle ElA. Randle El,PIT,PIT@TB,2.00,0,0,0,0,0,0,0,0,0,0,1,14,0,0,0,0
Marcel ReeceM. Reece,OAK,OAK@ARI,2.00,0,0,0,0,0,0,1,2,0,0,2,2,0,0,0,0
Owen SchmittO. Schmitt,PHI,PHI@JAX,2.00,0,0,0,0,0,0,0,0,0,0,2,6,0,0,0,0
Steve SlatonS. Slaton,HOU,DAL@HOU,2.00,0,0,0,0,0,0,3,14,0,0,1,3,0,0,0,0
Darren SprolesD. Sproles,SD,SD@SEA,2.00,0,0,0,0,0,0,1,16,0,0,1,10,0,0,1,0
Micheal SpurlockM. Spurlock,TB,PIT@TB,2.00,0,0,0,0,0,0,0,0,0,0,1,10,0,0,0,0
Mike ThomasM. Thomas,JAX,PHI@JAX,2.00,0,0,0,0,0,0,0,0,0,0,2,7,0,0,0,0
Keith TostonK. Toston,STL,WAS@STL,2.00,0,0,0,0,0,0,11,22,0,0,0,0,0,0,0,0
Brian WestbrookB. Westbrook,SF,SF@KC,2.00,0,0,0,0,0,0,0,0,0,0,2,6,0,0,0,0
Ricky WilliamsR. Williams,MIA,NYJ@MIA,2.00,0,0,0,0,0,0,7,28,0,0,0,0,0,0,0,0
Roydell WilliamsR. Williams,WAS,WAS@STL,2.00,0,0,0,0,0,0,0,0,0,0,1,10,0,0,0,0
Stephen WilliamsS. Williams,ARI,OAK@ARI,2.00,0,0,0,0,0,0,0,0,0,0,1,11,0,0,0,0
Matt WillisM. Willis,DEN,IND@DEN,2.00,0,0,0,0,0,0,0,0,0,0,1,17,0,0,0,0
David AndersonD. Anderson,HOU,DAL@HOU,1.00,0,0,0,0,0,0,0,0,0,0,1,6,0,0,0,0
Mike BellM. Bell,PHI,PHI@JAX,1.00,0,0,0,0,0,0,5,14,0,0,0,0,0,0,0,0
Donald BrownD. Brown,IND,IND@DEN,1.00,0,0,0,0,0,0,7,12,0,0,0,0,0,0,0,0
Michael BushM. Bush,OAK,OAK@ARI,1.00,0,0,0,0,0,0,3,13,0,0,0,0,0,0,0,0
Nate ByhamN. Byham,SF,SF@KC,1.00,0,0,0,0,0,0,0,0,0,0,1,9,0,0,0,0
Andre CaldwellA. Caldwell,CIN,CIN@CAR,1.00,0,0,0,0,0,0,0,0,0,0,1,8,0,0,0,0
Chris ChambersC. Chambers,KC,SF@KC,1.00,0,0,0,0,0,0,0,0,0,0,1,6,0,0,0,0
Harry DouglasH. Douglas,ATL,ATL@NO,1.00,0,0,0,0,0,0,0,0,0,0,1,1,0,0,0,0
Brody EldridgeB. Eldridge,IND,IND@DEN,1.00,0,0,0,0,0,0,0,0,0,0,1,8,0,0,0,0
Jerome FeltonJ. Felton,DET,DET@MIN,1.00,0,0,0,0,0,0,2,5,0,0,1,5,0,0,0,0
Dan GronkowskiD. Gronkowski,DEN,IND@DEN,1.00,0,0,0,0,0,0,0,0,0,0,1,2,0,0,0,0
Madison HedgecockM. Hedgecock,NYG,TEN@NYG,1.00,0,0,0,0,0,0,0,0,0,0,1,7,0,0,0,0
Jacob HesterJ. Hester,SD,SD@SEA,1.00,0,0,0,0,0,0,0,0,0,0,1,2,0,0,0,0
T.J. HoushmandzadehT. Houshmandzadeh,BAL,CLE@BAL,1.00,0,0,0,0,0,0,0,0,0,0,1,4,0,0,0,0
Mike KarneyM. Karney,STL,WAS@STL,1.00,0,0,0,0,0,0,1,2,0,0,1,3,0,0,0,0
Max KomarM. Komar,ARI,OAK@ARI,1.00,0,0,0,0,0,0,0,0,0,0,1,7,0,0,0,0
Stefan LoganS. Logan,DET,DET@MIN,1.00,0,0,0,0,0,0,1,21,0,0,0,0,0,0,1,0
Robert MeachemR. Meachem,NO,ATL@NO,1.00,0,0,0,0,0,0,0,0,0,0,1,5,0,0,0,0
Zach MillerZ. Miller,JAX,PHI@JAX,1.00,0,0,0,0,0,0,0,0,0,0,1,7,0,0,0,0
Sammy MorrisS. Morris,NE,BUF@NE,1.00,0,0,0,0,0,0,6,19,0,0,0,0,0,0,0,0
Brandon MyersB. Myers,OAK,OAK@ARI,1.00,0,0,0,0,0,0,0,0,0,0,1,4,0,0,0,0
Kassim OsgoodK. Osgood,JAX,PHI@JAX,1.00,0,0,0,0,0,0,0,0,0,0,1,5,0,0,0,0
Bernard ScottB. Scott,CIN,CIN@CAR,1.00,0,0,0,0,0,0,2,15,0,0,0,0,0,0,0,0
Visanthe ShiancoeV. Shiancoe,MIN,DET@MIN,1.00,0,0,0,0,0,0,0,0,0,0,1,7,0,0,0,0
Fred TaylorF. Taylor,NE,BUF@NE,1.00,0,0,0,0,0,0,6,16,0,0,0,0,0,0,0,0
Lawrence VickersL. Vickers,CLE,CLE@BAL,1.00,0,0,0,0,0,0,0,0,0,0,1,0,0,0,0,0
Delanie WalkerD. Walker,SF,SF@KC,1.00,0,0,0,0,0,0,0,0,0,0,1,6,0,0,0,0
Jason WrightJ. Wright,ARI,OAK@ARI,1.00,0,0,0,0,0,0,0,0,0,0,1,8,0,0,0,0
Jackie BattleJ. Battle,KC,SF@KC,0.00,0,0,0,0,0,0,4,9,0,0,0,0,0,0,0,0
Tashard ChoiceT. Choice,DAL,DAL@HOU,0.00,0,0,0,0,0,0,2,4,0,0,0,0,0,0,0,0
Patrick CobbsP. Cobbs,MIA,NYJ@MIA,0.00,0,0,0,0,0,0,1,-6,0,0,0,0,0,0,0,0
James DavisJ. Davis,CLE,CLE@BAL,0.00,0,0,0,0,0,0,4,9,0,0,0,0,0,0,0,0
Toby GerhartT. Gerhart,MIN,DET@MIN,0.00,0,0,0,0,0,0,3,12,0,0,0,0,0,0,1,0
Mardy GilyardM. Gilyard,STL,WAS@STL,0.00,0,0,0,0,0,0,0,0,0,0,1,7,0,0,1,0
Chris IvoryC. Ivory,NO,ATL@NO,0.00,0,0,0,0,0,0,7,13,0,0,0,0,0,0,1,0
Fred JacksonF. Jackson,BUF,BUF@NE,0.00,0,0,0,0,0,0,4,8,0,0,0,0,0,0,0,0
Chester TaylorC. Taylor,CHI,GB@CHI,0.00,0,0,0,0,0,0,3,9,0,0,0,0,0,0,0,0
Derrick WardD. Ward,DAL,DAL@HOU,0.00,0,0,0,0,0,0,2,4,0,0,0,0,0,0,0,0
Leon WashingtonL. Washington,SEA,SD@SEA,0.00,0,0,0,0,0,0,1,0,0,0,0,0,0,0,0,0
