Player,Team,Game,Points,Passing Attempts,Passing Completions,Passing Yards,Passing TDs,Interceptions,Passing 2Pt Conv,Rushing Attempts,Rushing Yards,Rushing TDs,Rushing 2Pt Conv,Receptions,Receiving Yards,Receiving TDs,Receiving 2Pt Conv,Fumbles,Fumble TDs
Hakeem NicksH. Nicks,NYG,NYG@HOU,37.00,0,0,0,0,0,0,0,0,0,0,12,130,2,0,0,0
Malcom FloydM. Floyd,SD,SD@OAK,35.00,0,0,0,0,0,0,0,0,0,0,8,213,1,0,0,0
Matt ForteM. Forte,CHI,CHI@CAR,32.00,0,0,0,0,0,0,22,166,2,0,2,22,0,0,0,0
Miles AustinM. Austin,DAL,TEN@DAL,31.00,0,0,0,0,0,0,1,4,0,0,9,166,1,0,0,0
Ray RiceR. Rice,BAL,DEN@BAL,31.00,0,0,0,0,0,0,27,133,2,0,4,26,0,0,0,0
Brandon LloydB. Lloyd,DEN,DEN@BAL,30.00,0,0,0,0,0,0,0,0,0,0,5,135,2,0,0,0
Philip RiversP. Rivers,SD,SD@OAK,28.00,42,27,431,2,0,0,1,14,0,0,0,0,0,0,2,0
Tony RomoT. Romo,DAL,TEN@DAL,28.00,46,31,406,3,3,0,1,9,0,0,0,0,0,0,0,0
Shaun HillS. Hill,DET,STL@DET,27.00,32,21,227,3,0,0,2,9,0,0,0,0,0,0,0,0
Ryan FitzpatrickR. Fitzpatrick,BUF,JAX@BUF,26.00,30,20,220,3,0,0,2,4,0,0,0,0,0,0,0,0
Percy HarvinP. Harvin,MIN,MIN@NYJ,26.00,0,0,0,0,0,0,0,0,0,0,5,97,2,0,0,0
Chris JohnsonC. Johnson,TEN,TEN@DAL,26.00,0,0,0,0,0,0,19,131,2,0,1,1,0,0,0,0
Alex SmithA. Smith,SF,PHI@SF,26.00,39,25,309,3,2,0,3,16,0,0,0,0,0,0,1,0
Michael CrabtreeM. Crabtree,SF,PHI@SF,25.00,0,0,0,0,0,0,0,0,0,0,9,105,1,0,0,0
Eli ManningE. Manning,NYG,NYG@HOU,25.00,42,27,297,3,2,0,6,9,0,0,0,0,0,0,0,0
Brett FavreB. Favre,MIN,MIN@NYJ,24.00,34,14,264,3,1,0,4,1,0,0,0,0,0,0,2,0
LeSean McCoyL. McCoy,PHI,PHI@SF,24.00,0,0,0,0,0,0,18,92,1,0,5,46,0,0,0,0
Kyle OrtonK. Orton,DEN,DEN@BAL,24.00,38,23,314,2,0,0,0,0,0,0,0,0,0,0,0,0
Terrell OwensT. Owens,CIN,TB@CIN,23.00,0,0,0,0,0,0,0,0,0,0,7,102,1,0,0,0
Michael BushM. Bush,OAK,SD@OAK,22.00,0,0,0,0,0,0,26,104,1,0,3,31,0,0,0,0
David GarrardD. Garrard,JAX,JAX@BUF,22.00,20,16,178,3,1,0,3,9,0,0,0,0,0,0,1,0
Vernon DavisV. Davis,SF,PHI@SF,21.00,0,0,0,0,0,0,0,0,0,0,5,104,1,0,0,0
Stevie JohnsonS. Johnson,BUF,JAX@BUF,21.00,0,0,0,0,0,0,0,0,0,0,5,46,2,0,0,0
Marcedes LewisM. Lewis,JAX,JAX@BUF,21.00,0,0,0,0,0,0,0,0,0,0,4,54,2,0,0,0
Roddy WhiteR. White,ATL,ATL@CLE,21.00,0,0,0,0,0,0,0,0,0,0,5,101,1,0,0,0
Mike WilliamsM. Williams,TB,TB@CIN,21.00,0,0,0,0,0,0,0,0,0,0,7,99,1,0,1,0
Danny AmendolaD. Amendola,STL,STL@DET,20.00,0,0,0,0,0,0,0,0,0,0,12,95,0,0,1,0
Antonio GatesA. Gates,SD,SD@OAK,20.00,0,0,0,0,0,0,0,0,0,0,5,92,1,0,0,0
Steve SmithS. Smith,NYG,NYG@HOU,20.00,0,0,0,0,0,0,0,0,0,0,6,89,1,0,0,0
Roy WilliamsR. Williams,DAL,TEN@DAL,20.00,0,0,0,0,0,0,0,0,0,0,6,87,1,0,0,0
Vince YoungV. Young,TEN,TEN@DAL,20.00,25,12,173,2,0,0,4,22,0,0,0,0,0,0,0,0
Cedric BensonC. Benson,CIN,TB@CIN,19.00,0,0,0,0,0,0,23,144,0,1,2,19,0,0,0,0
Lee EvansL. Evans,BUF,JAX@BUF,19.00,0,0,0,0,0,0,0,0,0,0,5,87,1,0,0,0
Donovan McNabbD. McNabb,WAS,GB@WAS,19.00,49,26,357,1,1,0,4,10,0,0,0,0,0,0,0,0
Jason WittenJ. Witten,DAL,TEN@DAL,19.00,0,0,0,0,0,0,0,0,0,0,5,84,1,0,0,0
Kenny BrittK. Britt,TEN,TEN@DAL,18.00,0,0,0,0,0,0,0,0,0,0,4,86,1,0,0,0
Brandon JacksonB. Jackson,GB,GB@WAS,18.00,0,0,0,0,0,0,10,115,0,0,5,25,0,0,0,0
Zach MillerZ. Miller,OAK,SD@OAK,18.00,0,0,0,0,0,0,0,0,0,0,6,62,1,0,0,0
Randy MossR. Moss,MIN,MIN@NYJ,18.00,0,0,0,0,0,0,0,0,0,0,4,81,1,0,0,0
Santana MossS. Moss,WAS,GB@WAS,18.00,0,0,0,0,0,0,0,0,0,0,7,118,0,0,0,0
Aaron RodgersA. Rodgers,GB,GB@WAS,18.00,46,27,293,1,1,0,4,30,0,0,0,0,0,0,0,0
Anthony ArmstrongA. Armstrong,WAS,GB@WAS,17.00,0,0,0,0,0,0,0,0,0,0,3,84,1,0,0,0
Drew BreesD. Brees,NO,NO@ARI,17.00,39,24,279,2,3,0,2,2,0,0,0,0,0,0,0,0
Josh FreemanJ. Freeman,TB,TB@CIN,17.00,33,20,280,1,1,0,3,20,0,0,0,0,0,0,0,0
Jabar GaffneyJ. Gaffney,DEN,DEN@BAL,17.00,0,0,0,0,0,0,0,0,0,0,9,87,0,0,0,0
Marques ColstonM. Colston,NO,NO@ARI,16.00,0,0,0,0,0,0,0,0,0,0,7,97,0,0,0,0
Larry FitzgeraldL. Fitzgerald,ARI,NO@ARI,16.00,0,0,0,0,0,0,0,0,0,0,7,93,0,0,0,0
Kevin KolbK. Kolb,PHI,PHI@SF,16.00,31,21,253,1,0,0,3,17,0,0,0,0,0,0,1,0
Nate BurlesonN. Burleson,DET,STL@DET,15.00,0,0,0,0,0,0,0,0,0,0,4,56,1,0,0,0
Joe FlaccoJ. Flacco,BAL,DEN@BAL,15.00,25,14,196,0,0,0,5,20,1,0,0,0,0,0,0,0
Frank GoreF. Gore,SF,PHI@SF,15.00,0,0,0,0,0,0,18,52,0,0,4,21,1,0,2,0
Peyton HillisP. Hillis,CLE,ATL@CLE,15.00,0,0,0,0,0,0,10,28,0,0,4,49,1,0,1,0
Calvin JohnsonC. Johnson,DET,STL@DET,15.00,0,0,0,0,0,0,0,0,0,0,4,54,1,0,0,0
Felix JonesF. Jones,DAL,TEN@DAL,15.00,0,0,0,0,0,0,15,109,0,0,4,17,0,0,0,0
Jeremy MaclinJ. Maclin,PHI,PHI@SF,15.00,0,0,0,0,0,0,0,0,0,0,6,95,0,0,0,0
Robert MeachemR. Meachem,NO,NO@ARI,15.00,0,0,0,0,0,0,0,0,0,0,4,57,1,0,0,0
LaDainian TomlinsonL. Tomlinson,NYJ,MIN@NYJ,15.00,0,0,0,0,0,0,20,94,0,0,5,13,0,0,0,0
Andre JohnsonA. Johnson,HOU,NYG@HOU,14.00,0,0,0,0,0,0,0,0,0,0,5,95,0,0,0,0
Carson PalmerC. Palmer,CIN,TB@CIN,14.00,36,21,209,2,3,0,1,3,0,0,0,0,0,0,0,0
Mike Sims-WalkerM. Sims-Walker,JAX,JAX@BUF,14.00,0,0,0,0,0,0,0,0,0,0,4,46,1,0,0,0
Michael TurnerM. Turner,ATL,ATL@CLE,14.00,0,0,0,0,0,0,19,140,0,0,0,0,0,0,0,0
Joseph AddaiJ. Addai,IND,KC@IND,13.00,0,0,0,0,0,0,17,50,0,0,5,39,0,0,0,0
Brent CelekB. Celek,PHI,PHI@SF,13.00,0,0,0,0,0,0,0,0,0,0,3,47,1,0,0,0
Chris CooleyC. Cooley,WAS,GB@WAS,13.00,0,0,0,0,0,0,0,0,0,0,7,69,0,0,0,0
Steven JacksonS. Jackson,STL,STL@DET,13.00,0,0,0,0,0,0,25,114,0,0,1,12,0,0,0,0
Mike ThomasM. Thomas,JAX,JAX@BUF,13.00,0,0,0,0,0,0,3,53,0,0,4,51,0,0,1,0
Reggie WayneR. Wayne,IND,KC@IND,13.00,0,0,0,0,0,0,0,0,0,0,6,75,0,0,0,0
Kellen WinslowK. Winslow,TB,TB@CIN,13.00,0,0,0,0,0,0,0,0,0,0,6,75,0,0,0,0
Jahvid BestJ. Best,DET,STL@DET,12.00,1,0,0,0,0,0,17,59,0,0,4,37,0,0,0,0
Jason CampbellJ. Campbell,OAK,SD@OAK,12.00,18,13,159,1,0,0,4,7,0,0,0,0,0,0,0,0
Braylon EdwardsB. Edwards,NYJ,MIN@NYJ,12.00,0,0,0,0,0,0,0,0,0,0,5,70,0,0,0,0
Earnest GrahamE. Graham,TB,TB@CIN,12.00,0,0,0,0,0,0,3,65,1,0,0,0,0,0,0,0
Jermaine GreshamJ. Gresham,CIN,TB@CIN,12.00,0,0,0,0,0,0,0,0,0,0,4,24,1,0,0,0
Mike HartM. Hart,IND,KC@IND,12.00,0,0,0,0,0,0,11,50,1,0,1,5,0,0,0,0
Willis McGaheeW. McGahee,BAL,DEN@BAL,12.00,0,0,0,0,0,0,10,67,1,0,0,0,0,0,0,0
Brandon PettigrewB. Pettigrew,DET,STL@DET,12.00,0,0,0,0,0,0,0,0,0,0,4,26,1,0,0,0
Matt RyanM. Ryan,ATL,ATL@CLE,12.00,28,16,187,1,0,0,5,5,0,0,0,0,0,0,1,0
Jeremy ShockeyJ. Shockey,NO,NO@ARI,12.00,0,0,0,0,0,0,0,0,0,0,3,30,1,0,0,0
Ahmad BradshawA. Bradshaw,NYG,NYG@HOU,11.00,0,0,0,0,0,0,16,67,0,0,3,22,0,0,0,0
Jamaal CharlesJ. Charles,KC,KC@IND,11.00,0,0,0,0,0,0,16,87,0,0,3,14,0,0,1,0
Pierre GarconP. Garcon,IND,KC@IND,11.00,0,0,0,0,0,0,0,0,0,0,6,57,0,0,0,0
Shonn GreeneS. Greene,NYJ,MIN@NYJ,11.00,0,0,0,0,0,0,10,57,1,0,0,0,0,0,0,0
Adrian PetersonA. Peterson,MIN,MIN@NYJ,11.00,0,0,0,0,0,0,18,88,0,0,1,20,0,0,0,0
Seneca WallaceS. Wallace,CLE,ATL@CLE,11.00,15,11,139,1,0,0,0,0,0,0,0,0,0,0,0,0
Ladell BettsL. Betts,NO,NO@ARI,10.00,0,0,0,0,0,0,10,44,0,0,5,26,0,0,1,0
Devery HendersonD. Henderson,NO,NO@ARI,10.00,0,0,0,0,0,0,0,0,0,0,4,61,0,0,0,0
Brandon JacobsB. Jacobs,NYG,NYG@HOU,10.00,0,0,0,0,0,0,10,41,1,0,0,0,0,0,0,0
James JonesJ. Jones,GB,GB@WAS,10.00,0,0,0,0,0,0,0,0,0,0,4,65,0,0,0,0
Maurice Jones-DrewM. Jones-Drew,JAX,JAX@BUF,10.00,0,0,0,0,0,0,19,84,0,0,2,9,0,0,0,0
Mohamed MassaquoiM. Massaquoi,CLE,ATL@CLE,10.00,0,0,0,0,0,0,0,0,0,0,5,55,0,0,0,0
Chansi StuckeyC. Stuckey,CLE,ATL@CLE,10.00,0,0,0,0,0,0,0,0,0,0,5,54,0,0,0,0
Mike TolbertM. Tolbert,SD,SD@OAK,10.00,0,0,0,0,0,0,12,11,1,0,2,24,0,0,1,0
Ryan TorainR. Torain,WAS,GB@WAS,10.00,0,0,0,0,0,0,16,40,0,0,4,27,0,0,0,0
Austin CollieA. Collie,IND,KC@IND,9.00,0,0,0,0,0,0,0,0,0,0,5,48,0,0,0,0
Jerricho CotcheryJ. Cotchery,NYJ,MIN@NYJ,9.00,0,0,0,0,0,0,0,0,0,0,5,46,0,0,0,0
Donald DriverD. Driver,GB,GB@WAS,9.00,0,0,0,0,0,0,0,0,0,0,4,58,0,0,0,0
Tony GonzalezT. Gonzalez,ATL,ATL@CLE,9.00,0,0,0,0,0,0,0,0,0,0,5,41,0,0,0,0
Donald LeeD. Lee,GB,GB@WAS,9.00,0,0,0,0,0,0,0,0,0,0,2,22,1,0,1,0
Tony MoeakiT. Moeaki,KC,KC@IND,9.00,0,0,0,0,0,0,0,0,0,0,4,50,0,0,0,0
Roscoe ParrishR. Parrish,BUF,JAX@BUF,9.00,0,0,0,0,0,0,0,0,0,0,4,58,0,0,0,0
Andrew QuarlessA. Quarless,GB,GB@WAS,9.00,0,0,0,0,0,0,0,0,0,0,4,51,0,0,0,0
Nate WashingtonN. Washington,TEN,TEN@DAL,9.00,0,0,0,0,0,0,0,0,0,0,1,24,1,0,0,0
Benjamin WatsonB. Watson,CLE,ATL@CLE,9.00,0,0,0,0,0,0,0,0,0,0,5,45,0,0,0,0
Kevin BossK. Boss,NYG,NYG@HOU,8.00,0,0,0,0,0,0,0,0,0,0,4,40,0,0,0,0
Fred JacksonF. Jackson,BUF,JAX@BUF,8.00,0,0,0,0,0,0,12,73,0,0,1,-7,0,0,0,0
Louis MurphyL. Murphy,OAK,SD@OAK,8.00,0,0,0,0,0,0,0,0,0,0,2,61,0,0,0,0
Ben PatrickB. Patrick,ARI,NO@ARI,8.00,0,0,0,0,0,0,0,0,0,0,5,30,0,0,0,0
Tony SchefflerT. Scheffler,DET,STL@DET,8.00,0,0,0,0,0,0,0,0,0,0,4,41,0,0,0,0
Derrick WardD. Ward,NYG,NYG@HOU,8.00,0,0,0,0,0,0,1,1,1,0,1,12,0,0,0,0
DeAngelo WilliamsD. Williams,CAR,CHI@CAR,8.00,0,0,0,0,0,0,12,51,0,0,3,8,0,0,0,0
Andre CaldwellA. Caldwell,CIN,TB@CIN,7.00,0,0,0,0,0,0,0,0,0,0,4,33,0,0,0,0
Owen DanielsO. Daniels,HOU,NYG@HOU,7.00,0,0,0,0,0,0,0,0,0,0,3,45,0,0,0,0
Santonio HolmesS. Holmes,NYJ,MIN@NYJ,7.00,0,0,0,0,0,0,0,0,0,0,3,41,0,0,0,0
Deji KarimD. Karim,JAX,JAX@BUF,7.00,0,0,0,0,0,0,15,70,0,0,0,0,0,0,0,0
Peyton ManningP. Manning,IND,KC@IND,7.00,44,26,244,0,1,0,3,-3,0,0,0,0,0,0,0,0
Derrick MasonD. Mason,BAL,DEN@BAL,7.00,0,0,0,0,0,0,0,0,0,0,3,47,0,0,0,0
Jordy NelsonJ. Nelson,GB,GB@WAS,7.00,0,0,0,0,0,0,0,0,0,0,3,42,0,0,0,0
Eddie RoyalE. Royal,DEN,DEN@BAL,7.00,0,0,0,0,0,0,0,0,0,0,4,31,0,0,0,0
Mark SanchezM. Sanchez,NYJ,MIN@NYJ,7.00,44,21,191,0,0,0,0,0,0,0,0,0,0,0,0,0
Chester TaylorC. Taylor,CHI,CHI@CAR,7.00,0,0,0,0,0,0,18,43,0,0,2,11,0,0,0,0
Matt CasselM. Cassel,KC,KC@IND,6.00,29,16,156,0,0,0,1,1,0,0,0,0,0,0,0,0
Ed DicksonE. Dickson,BAL,DEN@BAL,6.00,0,0,0,0,0,0,0,0,0,0,1,58,0,0,0,0
Daniel FellsD. Fells,STL,STL@DET,6.00,0,0,0,0,0,0,0,0,0,0,3,32,0,0,0,0
David GettisD. Gettis,CAR,CHI@CAR,6.00,0,0,0,0,0,0,1,-6,0,0,3,32,0,0,0,0
Ryan MathewsR. Mathews,SD,SD@OAK,6.00,0,0,0,0,0,0,9,59,0,0,1,0,0,0,0,0
Darren SprolesD. Sproles,SD,SD@OAK,6.00,0,0,0,0,0,0,2,1,0,0,3,32,0,0,0,0
Sammie StroughterS. Stroughter,TB,TB@CIN,6.00,0,0,0,0,0,0,0,0,0,0,3,39,0,0,0,0
Dwayne BoweD. Bowe,KC,KC@IND,5.00,0,0,0,0,0,0,0,0,0,0,2,33,0,0,0,0
Dez BryantD. Bryant,DAL,TEN@DAL,5.00,0,0,0,0,0,0,0,0,0,0,3,22,0,0,0,0
Dallas ClarkD. Clark,IND,KC@IND,5.00,0,0,0,0,0,0,0,0,0,0,3,20,0,0,0,0
Joey GallowayJ. Galloway,WAS,GB@WAS,5.00,0,0,0,0,0,0,0,0,0,0,3,28,0,0,0,0
Brandon GibsonB. Gibson,STL,STL@DET,5.00,0,0,0,0,0,0,0,0,0,0,2,34,0,0,0,0
Chad JohnsonC. Johnson,CIN,TB@CIN,5.00,0,0,0,0,0,0,0,0,0,0,3,20,0,0,0,0
Jeff KingJ. King,CAR,CHI@CAR,5.00,0,0,0,0,0,0,0,0,0,0,3,20,0,0,0,0
Josh MorganJ. Morgan,SF,PHI@SF,5.00,0,0,0,0,0,0,0,0,0,0,3,21,0,0,0,0
David NelsonD. Nelson,BUF,JAX@BUF,5.00,0,0,0,0,0,0,0,0,0,0,3,23,0,0,0,0
Micheal SpurlockM. Spurlock,TB,TB@CIN,5.00,0,0,0,0,0,0,0,0,0,0,3,35,0,0,1,0
Damian WilliamsD. Williams,TEN,TEN@DAL,5.00,0,0,0,0,0,0,0,0,0,0,2,30,0,0,0,0
Dominique ZeiglerD. Zeigler,SF,PHI@SF,5.00,0,0,0,0,0,0,0,0,0,0,2,32,0,0,0,0
Arrelious BennA. Benn,TB,TB@CIN,4.00,0,0,0,0,0,0,0,0,0,0,2,25,0,0,0,0
Sam BradfordS. Bradford,STL,STL@DET,4.00,45,23,215,0,2,0,0,0,0,0,0,0,0,0,0,0
Chris ChambersC. Chambers,KC,KC@IND,4.00,0,0,0,0,0,0,0,0,0,0,2,23,0,0,0,0
Arian FosterA. Foster,HOU,NYG@HOU,4.00,0,0,0,0,0,0,11,25,0,0,2,2,0,0,0,0
Mardy GilyardM. Gilyard,STL,STL@DET,4.00,0,0,0,0,0,0,0,0,0,0,2,22,0,0,0,0
Ted Ginn Jr.T. Ginn,SF,PHI@SF,4.00,0,0,0,0,0,0,0,0,0,0,2,26,0,0,0,0
Max HallM. Hall,ARI,NO@ARI,4.00,27,17,168,0,1,0,0,0,0,0,0,0,0,0,0,0
T.J. HoushmandzadehT. Houshmandzadeh,BAL,DEN@BAL,4.00,0,0,0,0,0,0,0,0,0,0,2,24,0,0,0,0
DeSean JacksonD. Jackson,PHI,PHI@SF,4.00,0,0,0,0,0,0,1,8,0,0,2,24,0,0,0,0
Greg JenningsG. Jennings,GB,GB@WAS,4.00,0,0,0,0,0,0,0,0,0,0,2,22,0,0,0,0
Greg LewisG. Lewis,MIN,MIN@NYJ,4.00,0,0,0,0,0,0,0,0,0,0,1,33,0,0,0,0
Le'Ron McClainL. McClain,BAL,DEN@BAL,4.00,0,0,0,0,0,0,5,13,0,0,2,11,0,0,0,0
Andre RobertsA. Roberts,ARI,NO@ARI,4.00,0,0,0,0,0,0,0,0,0,0,2,27,0,0,0,0
Matt SchaubM. Schaub,HOU,NYG@HOU,4.00,34,16,196,0,1,0,1,-1,0,0,0,0,0,0,1,0
Visanthe ShiancoeV. Shiancoe,MIN,MIN@NYJ,4.00,0,0,0,0,0,0,0,0,0,0,2,28,0,0,0,0
Kevin SmithK. Smith,DET,STL@DET,4.00,0,0,0,0,0,0,4,24,0,0,1,17,0,0,0,0
C.J. SpillerC. Spiller,BUF,JAX@BUF,4.00,0,0,0,0,0,0,5,31,0,0,1,3,0,0,0,0
Jonathan StewartJ. Stewart,CAR,CHI@CAR,4.00,0,0,0,0,0,0,8,30,0,0,1,4,0,0,0,0
Kevin WalterK. Walter,HOU,NYG@HOU,4.00,0,0,0,0,0,0,0,0,0,0,2,24,0,0,0,0
Beanie WellsB. Wells,ARI,NO@ARI,4.00,0,0,0,0,0,0,20,35,0,0,1,5,0,0,0,0
Jason AvantJ. Avant,PHI,PHI@SF,3.00,0,0,0,0,0,0,0,0,0,0,2,13,0,0,0,0
Martellus BennettM. Bennett,DAL,TEN@DAL,3.00,0,0,0,0,0,0,0,0,0,0,2,19,0,0,0,0
Correll BuckhalterC. Buckhalter,DEN,DEN@BAL,3.00,0,0,0,0,0,0,5,13,0,0,1,12,0,0,0,0
David ClowneyD. Clowney,CAR,CHI@CAR,3.00,0,0,0,0,0,0,0,0,0,0,2,14,0,0,0,0
Terrance CopperT. Copper,KC,KC@IND,3.00,0,0,0,0,0,0,0,0,0,0,2,10,0,0,0,0
Patrick CraytonP. Crayton,SD,SD@OAK,3.00,0,0,0,0,0,0,0,0,0,0,1,22,0,0,0,0
Craig DavisC. Davis,SD,SD@OAK,3.00,0,0,0,0,0,0,0,0,0,0,2,11,0,0,0,0
Harry DouglasH. Douglas,ATL,ATL@CLE,3.00,0,0,0,0,0,0,0,0,0,0,2,17,0,0,0,0
Daniel GrahamD. Graham,DEN,DEN@BAL,3.00,0,0,0,0,0,0,0,0,0,0,1,28,0,0,0,0
Todd HeapT. Heap,BAL,DEN@BAL,3.00,0,0,0,0,0,0,0,0,0,0,1,22,0,0,0,0
Devin HesterD. Hester,CHI,CHI@CAR,3.00,0,0,0,0,0,0,1,10,0,0,2,0,0,0,0,0
Jacob HesterJ. Hester,SD,SD@OAK,3.00,0,0,0,0,0,0,1,6,0,0,2,16,0,0,0,0
Sam HurdS. Hurd,DAL,TEN@DAL,3.00,0,0,0,0,0,0,0,0,0,0,2,11,0,0,0,0
Chris IvoryC. Ivory,NO,NO@ARI,3.00,0,0,0,0,0,0,10,39,0,0,0,0,0,0,0,0
Dustin KellerD. Keller,NYJ,MIN@NYJ,3.00,0,0,0,0,0,0,0,0,0,0,2,14,0,0,0,0
John KuhnJ. Kuhn,GB,GB@WAS,3.00,0,0,0,0,0,0,3,12,0,0,2,5,0,0,0,0
Vonta LeachV. Leach,HOU,NYG@HOU,3.00,0,0,0,0,0,0,0,0,0,0,2,18,0,0,0,0
Dexter McClusterD. McCluster,KC,KC@IND,3.00,0,0,0,0,0,0,1,3,0,0,2,15,0,0,0,0
Zach MillerZ. Miller,JAX,JAX@BUF,3.00,0,0,0,0,0,0,0,0,0,0,2,18,0,0,0,0
Robert RoyalR. Royal,CLE,ATL@CLE,3.00,0,0,0,0,0,0,0,0,0,0,2,13,0,0,0,0
Bo ScaifeB. Scaife,TEN,TEN@DAL,3.00,0,0,0,0,0,0,0,0,0,0,2,12,0,0,0,0
Owen SchmittO. Schmitt,PHI,PHI@SF,3.00,0,0,0,0,0,0,0,0,0,0,2,19,0,0,0,0
Mike SellersM. Sellers,WAS,GB@WAS,3.00,0,0,0,0,0,0,0,0,0,0,1,22,0,0,0,0
Jason SnellingJ. Snelling,ATL,ATL@CLE,3.00,0,0,0,0,0,0,6,18,0,0,2,2,0,0,0,0
Carnell WilliamsC. Williams,TB,TB@CIN,3.00,0,0,0,0,0,0,11,33,0,0,0,0,0,0,0,0
Kris WilsonK. Wilson,SD,SD@OAK,3.00,0,0,0,0,0,0,0,0,0,0,2,17,0,0,0,0
Joshua CribbsJ. Cribbs,CLE,ATL@CLE,2.00,1,1,10,0,0,0,2,11,0,0,1,8,0,0,0,0
Kenneth DarbyK. Darby,STL,STL@DET,2.00,0,0,0,0,0,0,3,14,0,0,1,3,0,0,0,0
John GilmoreJ. Gilmore,TB,TB@CIN,2.00,0,0,0,0,0,0,0,0,0,0,1,11,0,0,0,0
Johnny KnoxJ. Knox,CHI,CHI@CAR,2.00,0,0,0,0,0,0,0,0,0,0,1,14,0,0,0,0
Brandon LaFellB. LaFell,CAR,CHI@CAR,2.00,0,0,0,0,0,0,0,0,0,0,1,16,0,0,0,0
Brian LeonardB. Leonard,CIN,TB@CIN,2.00,0,0,0,0,0,0,2,-2,0,0,1,11,0,0,0,0
Laurence MaroneyL. Maroney,DEN,DEN@BAL,2.00,0,0,0,0,0,0,6,27,0,0,0,0,0,0,0,0
Brandon MyersB. Myers,OAK,SD@OAK,2.00,0,0,0,0,0,0,0,0,0,0,1,12,0,0,0,0
Michael PalmerM. Palmer,ATL,ATL@CLE,2.00,0,0,0,0,0,0,0,0,0,0,1,11,0,0,0,0
Justin PeelleJ. Peelle,ATL,ATL@CLE,2.00,0,0,0,0,0,0,0,0,0,0,1,15,0,0,0,0
Leonard PopeL. Pope,KC,KC@IND,2.00,0,0,0,0,0,0,0,0,0,0,1,11,0,0,0,0
Marcel ReeceM. Reece,OAK,SD@OAK,2.00,0,0,0,0,0,0,0,0,0,0,2,7,0,0,0,0
Laurent RobinsonL. Robinson,STL,STL@DET,2.00,0,0,0,0,0,0,0,0,0,0,1,11,0,0,0,0
Craig StevensC. Stevens,TEN,TEN@DAL,2.00,0,0,0,0,0,0,0,0,0,0,1,11,0,0,0,0
Jonathan StuparJ. Stupar,BUF,JAX@BUF,2.00,0,0,0,0,0,0,0,0,0,0,1,10,0,0,0,0
Demaryius ThomasD. Thomas,DEN,DEN@BAL,2.00,0,0,0,0,0,0,0,0,0,0,2,12,0,0,1,0
Lawrence VickersL. Vickers,CLE,ATL@CLE,2.00,0,0,0,0,0,0,1,3,0,0,1,10,0,0,0,0
David AndersonD. Anderson,HOU,NYG@HOU,1.00,0,0,0,0,0,0,0,0,0,0,1,0,0,0,0,0
Marion BarberM. Barber,DAL,TEN@DAL,1.00,0,0,0,0,0,0,6,19,0,0,0,0,0,0,0,0
Ramses BardenR. Barden,NYG,NYG@HOU,1.00,0,0,0,0,0,0,0,0,0,0,1,8,0,0,0,0
Travis BeckumT. Beckum,NYG,NYG@HOU,1.00,0,0,0,0,0,0,0,0,0,0,1,8,0,0,0,0
Earl BennettE. Bennett,CHI,CHI@CAR,1.00,0,0,0,0,0,0,0,0,0,0,1,4,0,0,0,0
Anquan BoldinA. Boldin,BAL,DEN@BAL,1.00,0,0,0,0,0,0,0,0,0,0,1,8,0,0,0,0
Mark ClaytonM. Clayton,STL,STL@DET,1.00,0,0,0,0,0,0,0,0,0,0,1,6,0,0,0,0
John ConnerJ. Conner,NYJ,MIN@NYJ,1.00,0,0,0,0,0,0,0,0,0,0,1,7,0,0,0,0
Tom CrabtreeT. Crabtree,GB,GB@WAS,1.00,0,0,0,0,0,0,0,0,0,0,1,3,0,0,0,0
Jerome FeltonJ. Felton,DET,STL@DET,1.00,0,0,0,0,0,0,0,0,0,0,1,7,0,0,0,0
Dan GronkowskiD. Gronkowski,DEN,DEN@BAL,1.00,0,0,0,0,0,0,0,0,0,0,1,9,0,0,0,0
Chad HallC. Hall,PHI,PHI@SF,1.00,0,0,0,0,0,0,0,0,0,0,1,9,0,0,0,0
Thomas JonesT. Jones,KC,KC@IND,1.00,0,0,0,0,0,0,8,19,0,0,0,0,0,0,0,0
Jim KleinsasserJ. Kleinsasser,MIN,MIN@NYJ,1.00,0,0,0,0,0,0,0,0,0,0,1,5,0,0,0,0
Max KomarM. Komar,ARI,NO@ARI,1.00,0,0,0,0,0,0,0,0,0,0,1,5,0,0,0,0
Randy McMichaelR. McMichael,SD,SD@OAK,1.00,0,0,0,0,0,0,0,0,0,0,1,4,0,0,0,0
Evan MooreE. Moore,CLE,ATL@CLE,1.00,0,0,0,0,0,0,0,0,0,0,1,7,0,0,0,0
Lance MooreL. Moore,NO,NO@ARI,1.00,0,0,0,0,0,0,0,0,0,0,1,8,0,0,0,0
Javon RingerJ. Ringer,TEN,TEN@DAL,1.00,0,0,0,0,0,0,4,5,0,0,1,9,0,0,0,0
Brian RobiskieB. Robiskie,CLE,ATL@CLE,1.00,0,0,0,0,0,0,0,0,0,0,1,5,0,0,0,0
Dante RosarioD. Rosario,CAR,CHI@CAR,1.00,0,0,0,0,0,0,0,0,0,0,1,2,0,0,0,0
LaRod Stephens-HowlingL. Stephens-Howling,ARI,NO@ARI,1.00,0,0,0,0,0,0,0,0,0,0,1,8,0,0,0,0
Keiland WilliamsK. Williams,WAS,GB@WAS,1.00,0,0,0,0,0,0,1,1,0,0,1,9,0,0,0,0
Stephen WilliamsS. Williams,ARI,NO@ARI,1.00,0,0,0,0,0,0,0,0,0,0,1,6,0,0,0,0
Derek AndersonD. Anderson,ARI,NO@ARI,0.00,2,1,6,0,0,0,0,0,0,0,0,0,0,0,0,0
Mike BellM. Bell,PHI,PHI@SF,0.00,0,0,0,0,0,0,4,8,0,0,0,0,0,0,0,0
LeGarrette BlountL. Blount,TB,TB@CIN,0.00,0,0,0,0,0,0,4,3,0,0,0,0,0,0,0,0
Andre BrownA. Brown,DEN,DEN@BAL,0.00,0,0,0,0,0,0,2,-1,0,0,0,0,0,0,0,0
Eldra BuckleyE. Buckley,PHI,PHI@SF,0.00,0,0,0,0,0,0,1,0,0,0,0,0,0,0,0,0
Tim CastilleT. Castille,KC,KC@IND,0.00,0,0,0,0,0,0,1,3,0,0,0,0,0,0,0,0
Jimmy ClausenJ. Clausen,CAR,CHI@CAR,0.00,22,9,61,0,1,0,2,0,0,0,0,0,0,0,0,0
Armanti EdwardsA. Edwards,CAR,CHI@CAR,0.00,0,0,0,0,0,0,1,7,0,0,0,0,0,0,0,0
Tony FiammettaT. Fiammetta,CAR,CHI@CAR,0.00,0,0,0,0,0,0,1,3,0,0,0,0,0,0,0,0
Toby GerhartT. Gerhart,MIN,MIN@NYJ,0.00,0,0,0,0,0,0,2,7,0,0,0,0,0,0,0,0
Bruce GradkowskiB. Gradkowski,OAK,SD@OAK,0.00,7,1,14,0,0,0,0,0,0,0,0,0,0,0,0,0
Caleb HanieC. Hanie,CHI,CHI@CAR,0.00,3,2,19,0,0,0,1,-1,0,0,0,0,0,0,0,0
Jerome HarrisonJ. Harrison,ATL,ATL@CLE,0.00,0,0,0,0,0,0,6,6,0,0,0,0,0,0,0,0
Tim HightowerT. Hightower,ARI,NO@ARI,0.00,0,0,0,0,0,0,4,6,0,0,0,0,0,0,0,0
Kareem HugginsK. Huggins,TB,TB@CIN,0.00,0,0,0,0,0,0,1,4,0,0,0,0,0,0,0,0
Josh JohnsonJ. Johnson,TB,TB@CIN,0.00,2,2,4,0,0,0,0,0,0,0,0,0,0,0,0,0
Corey McIntyreC. McIntyre,BUF,JAX@BUF,0.00,0,0,0,0,0,0,1,1,0,0,0,0,0,0,0,0
Ovie MughelliO. Mughelli,ATL,ATL@CLE,0.00,0,0,0,0,0,0,1,2,0,0,0,0,0,0,0,0
Legedu NaaneeL. Naanee,SD,SD@OAK,0.00,0,0,0,0,0,0,1,0,0,0,0,0,0,0,0,0
Bernard ScottB. Scott,CIN,TB@CIN,0.00,0,0,0,0,0,0,2,4,0,0,0,0,0,0,0,0
Steve SlatonS. Slaton,HOU,NYG@HOU,0.00,0,0,0,0,0,0,2,-1,0,0,0,0,0,0,0,0
Brad SmithB. Smith,NYJ,MIN@NYJ,0.00,0,0,0,0,0,0,2,4,0,0,0,0,0,0,0,0
Drew StantonD. Stanton,DET,STL@DET,0.00,1,1,11,0,0,0,3,-3,0,0,0,0,0,0,0,0
Brian WestbrookB. Westbrook,SF,PHI@SF,0.00,0,0,0,0,0,0,1,6,0,0,0,0,0,0,0,0
Jake DelhommeJ. Delhomme,CLE,ATL@CLE,-1.00,23,13,97,0,2,0,1,0,0,0,0,0,0,0,0,0
Matt MooreM. Moore,CAR,CHI@CAR,-3.00,10,5,35,0,2,0,0,0,0,0,0,0,0,0,0,0
Todd CollinsT. Collins,CHI,CHI@CAR,-7.00,16,6,32,0,4,0,0,0,0,0,0,0,0,0,0,0
