Player,Team,Game,Points,Passing Attempts,Passing Completions,Passing Yards,Passing TDs,Interceptions,Passing 2Pt Conv,Rushing Attempts,Rushing Yards,Rushing TDs,Rushing 2Pt Conv,Receptions,Receiving Yards,Receiving TDs,Receiving 2Pt Conv,Fumbles,Fumble TDs
Arian FosterA. Foster,HOU,IND@HOU,42.00,0,0,0,0,0,0,33,231,3,0,1,7,0,0,0,0
Matt ForteM. Forte,CHI,DET@CHI,38.00,0,0,0,0,0,0,17,50,0,0,7,151,2,0,1,0
Peyton ManningP. Manning,IND,IND@HOU,35.00,57,40,433,3,0,0,0,0,0,0,0,0,0,0,0,0
Chad JohnsonC. Johnson,CIN,CIN@NE,33.00,0,0,0,0,0,0,0,0,0,0,12,159,1,0,0,0
Austin CollieA. Collie,IND,IND@HOU,32.00,0,0,0,0,0,0,0,0,0,0,11,163,1,0,1,0
Miles AustinM. Austin,DAL,DAL@WAS,30.00,0,0,0,0,0,0,0,0,0,0,10,146,1,0,0,0
Chris JohnsonC. Johnson,TEN,OAK@TEN,30.00,0,0,0,0,0,0,27,142,2,0,4,8,0,0,0,0
Hakeem NicksH. Nicks,NYG,CAR@NYG,29.00,0,0,0,0,0,0,0,0,0,0,4,75,3,0,0,0
Tom BradyT. Brady,NE,CIN@NE,28.00,35,25,258,3,0,0,0,0,0,0,0,0,0,0,0,0
Darren McFaddenD. McFadden,OAK,OAK@TEN,26.00,0,0,0,0,0,0,18,95,0,0,6,55,1,0,0,0
Wes WelkerW. Welker,NE,CIN@NE,26.00,0,0,0,0,0,0,0,0,0,0,8,64,2,0,0,0
Dallas ClarkD. Clark,IND,IND@HOU,25.00,0,0,0,0,0,0,0,0,0,0,11,80,1,0,0,0
Jay CutlerJ. Cutler,CHI,DET@CHI,25.00,35,23,372,2,1,0,5,22,0,0,0,0,0,0,1,0
David GarrardD. Garrard,JAX,DEN@JAX,25.00,21,16,170,3,0,0,7,10,0,0,0,0,0,0,0,0
Roddy WhiteR. White,ATL,ATL@PIT,24.00,0,0,0,0,0,0,0,0,0,0,13,111,0,0,0,0
Carson PalmerC. Palmer,CIN,CIN@NE,23.00,50,34,345,2,1,0,4,9,0,0,0,0,0,0,0,0
Philip RiversP. Rivers,SD,SD@KC,23.00,39,22,298,2,0,0,3,5,0,0,0,0,0,0,0,0
Michael VickM. Vick,PHI,GB@PHI,23.00,24,16,175,1,0,0,11,103,0,0,0,0,0,0,0,0
Matt HasselbeckM. Hasselbeck,SEA,SF@SEA,22.00,23,18,170,2,1,0,2,4,1,0,0,0,0,0,0,0
Eli ManningE. Manning,NYG,CAR@NYG,22.00,30,20,263,3,3,0,4,-2,0,0,0,0,0,0,0,0
Legedu NaaneeL. Naanee,SD,SD@KC,22.00,0,0,0,0,0,0,0,0,0,0,5,110,1,0,0,0
Reggie WayneR. Wayne,IND,IND@HOU,22.00,0,0,0,0,0,0,0,0,0,0,7,99,1,0,0,0
Mark ClaytonM. Clayton,ARI,ARI@STL,21.00,0,0,0,0,0,0,0,0,0,0,10,119,0,0,0,0
Rashard MendenhallR. Mendenhall,PIT,ATL@PIT,21.00,0,0,0,0,0,0,22,120,1,0,2,15,0,0,0,0
Jahvid BestJ. Best,DET,DET@CHI,20.00,0,0,0,0,0,0,14,20,2,0,5,16,0,0,0,0
Steve BreastonS. Breaston,ARI,ARI@STL,20.00,0,0,0,0,0,0,0,0,0,0,7,132,0,0,0,0
Josh FreemanJ. Freeman,TB,CLE@TB,20.00,28,17,182,2,1,0,2,34,0,0,0,0,0,0,0,0
Vince YoungV. Young,TEN,OAK@TEN,20.00,17,13,154,2,0,0,7,30,0,0,0,0,0,0,1,0
Greg JenningsG. Jennings,GB,GB@PHI,19.00,0,0,0,0,0,0,0,0,0,0,5,82,1,0,0,0
Anquan BoldinA. Boldin,BAL,BAL@NYJ,18.00,0,0,0,0,0,0,0,0,0,0,7,110,0,0,0,0
Antonio GatesA. Gates,SD,SD@KC,18.00,0,0,0,0,0,0,0,0,0,0,5,76,1,0,0,0
LeSean McCoyL. McCoy,PHI,GB@PHI,18.00,0,0,0,0,0,0,7,35,1,0,5,47,0,0,0,0
Steve SmithS. Smith,CAR,CAR@NYG,18.00,0,0,0,0,0,0,0,0,0,0,5,75,1,0,0,0
Tim HightowerT. Hightower,ARI,ARI@STL,17.00,0,0,0,0,0,0,13,54,1,0,4,40,0,0,2,0
Marcedes LewisM. Lewis,JAX,DEN@JAX,17.00,0,0,0,0,0,0,0,0,0,0,2,31,2,0,0,0
Tony RomoT. Romo,DAL,DAL@WAS,17.00,47,31,282,1,0,0,0,0,0,0,0,0,0,0,0,0
Eddie RoyalE. Royal,DEN,DEN@JAX,17.00,0,0,0,0,0,0,0,0,0,0,8,98,0,0,0,0
Visanthe ShiancoeV. Shiancoe,MIN,MIN@NO,17.00,0,0,0,0,0,0,0,0,0,0,4,76,1,0,0,0
Pierre ThomasP. Thomas,NO,MIN@NO,17.00,0,0,0,0,0,0,19,71,1,0,3,15,0,0,0,0
Nate WashingtonN. Washington,TEN,OAK@TEN,17.00,0,0,0,0,0,0,0,0,0,0,3,88,1,0,0,0
Derek AndersonD. Anderson,ARI,ARI@STL,16.00,41,22,297,1,0,0,1,9,0,0,0,0,0,0,1,0
Ronnie BrownR. Brown,MIA,MIA@BUF,16.00,0,0,0,0,0,0,13,65,1,0,2,20,0,0,0,0
Jamaal CharlesJ. Charles,KC,SD@KC,16.00,0,0,0,0,0,0,11,92,1,0,1,8,0,0,0,0
Brandon LloydB. Lloyd,DEN,DEN@JAX,16.00,0,0,0,0,0,0,0,0,0,0,5,117,0,0,0,0
Kyle OrtonK. Orton,DEN,DEN@JAX,16.00,33,21,295,1,1,0,2,12,0,0,0,0,0,0,0,0
Hines WardH. Ward,PIT,ATL@PIT,16.00,0,0,0,0,0,0,0,0,0,0,6,108,0,0,0,0
Ahmad BradshawA. Bradshaw,NYG,CAR@NYG,15.00,0,0,0,0,0,0,20,76,1,0,2,17,0,0,1,0
Drew BreesD. Brees,NO,MIN@NO,15.00,36,27,237,1,0,0,4,-6,0,0,0,0,0,0,0,0
Vernon DavisV. Davis,SF,SF@SEA,15.00,0,0,0,0,0,0,0,0,0,0,8,73,0,0,0,0
Peyton HillisP. Hillis,CLE,CLE@TB,15.00,0,0,0,0,0,0,9,41,1,0,4,24,0,0,1,0
Aaron RodgersA. Rodgers,GB,GB@PHI,15.00,31,19,188,2,2,0,5,9,0,0,0,0,0,0,0,0
Chris CooleyC. Cooley,WAS,DAL@WAS,14.00,0,0,0,0,0,0,0,0,0,0,6,80,0,0,0,0
Donald DriverD. Driver,GB,GB@PHI,14.00,0,0,0,0,0,0,0,0,0,0,5,30,1,0,0,0
Jermaine GreshamJ. Gresham,CIN,CIN@NE,14.00,0,0,0,0,0,0,0,0,0,0,6,25,1,0,0,0
Jeremy MaclinJ. Maclin,PHI,GB@PHI,14.00,0,0,0,0,0,0,1,11,0,0,4,38,1,0,0,0
Mike ThomasM. Thomas,JAX,DEN@JAX,14.00,0,0,0,0,0,0,0,0,0,0,6,89,0,0,0,0
Mike WilliamsM. Williams,TB,CLE@TB,14.00,0,0,0,0,0,0,0,0,0,0,5,30,1,0,0,0
Dez BryantD. Bryant,DAL,DAL@WAS,13.00,0,0,0,0,0,0,0,0,0,0,8,56,0,0,0,0
Jason CampbellJ. Campbell,OAK,OAK@TEN,13.00,37,22,180,1,1,0,7,35,0,0,0,0,0,0,1,0
Larry FitzgeraldL. Fitzgerald,ARI,ARI@STL,13.00,0,0,0,0,0,0,0,0,0,0,3,43,1,0,0,0
Frank GoreF. Gore,SF,SF@SEA,13.00,0,0,0,0,0,0,17,38,0,0,6,45,0,0,0,0
Todd HeapT. Heap,BAL,BAL@NYJ,13.00,0,0,0,0,0,0,0,0,0,0,6,72,0,0,0,0
Maurice Jones-DrewM. Jones-Drew,JAX,DEN@JAX,13.00,0,0,0,0,0,0,23,98,0,0,3,15,0,0,0,0
Brandon MarshallB. Marshall,MIA,MIA@BUF,13.00,0,0,0,0,0,0,0,0,0,0,8,53,0,0,0,0
Knowshon MorenoK. Moreno,DEN,DEN@JAX,13.00,0,0,0,0,0,0,15,60,1,0,1,4,0,0,0,0
Santana MossS. Moss,WAS,DAL@WAS,13.00,0,0,0,0,0,0,0,0,0,0,6,77,0,0,0,0
Jordan ShipleyJ. Shipley,CIN,CIN@NE,13.00,0,0,0,0,0,0,0,0,0,0,5,82,0,0,0,0
Joseph AddaiJ. Addai,IND,IND@HOU,12.00,0,0,0,0,0,0,10,44,0,0,6,29,0,0,0,0
Danny AmendolaD. Amendola,STL,ARI@STL,12.00,0,0,0,0,0,0,0,0,0,0,6,67,0,0,0,0
Devin AromashoduD. Aromashodu,CHI,DET@CHI,12.00,0,0,0,0,0,0,0,0,0,0,5,71,0,0,0,0
Trent EdwardsT. Edwards,MIA,MIA@BUF,12.00,34,18,139,1,0,0,2,12,0,0,0,0,0,0,0,0
Jabar GaffneyJ. Gaffney,DEN,DEN@JAX,12.00,0,0,0,0,0,0,0,0,0,0,3,34,1,0,0,0
Steven JacksonS. Jackson,STL,ARI@STL,12.00,0,0,0,0,0,0,22,81,0,0,4,6,0,0,0,0
Mario ManninghamM. Manningham,NYG,CAR@NYG,12.00,0,0,0,0,0,0,0,0,0,0,4,85,0,0,0,0
Mohamed MassaquoiM. Massaquoi,CLE,CLE@TB,12.00,0,0,0,0,0,0,0,0,0,0,2,46,1,0,0,0
Terrell OwensT. Owens,CIN,CIN@NE,12.00,0,0,0,0,0,0,0,0,0,0,7,53,0,0,0,0
Adrian PetersonA. Peterson,MIN,MIN@NO,12.00,0,0,0,0,0,0,19,87,0,0,3,14,0,0,0,0
Bo ScaifeB. Scaife,TEN,OAK@TEN,12.00,0,0,0,0,0,0,0,0,0,0,3,37,1,0,0,0
Micheal SpurlockM. Spurlock,TB,CLE@TB,12.00,0,0,0,0,0,0,0,0,0,0,2,49,1,0,0,0
Cedric BensonC. Benson,CIN,CIN@NE,11.00,0,0,0,0,0,0,15,43,1,0,1,11,0,0,1,0
Davone BessD. Bess,MIA,MIA@BUF,11.00,0,0,0,0,0,0,1,0,0,0,6,51,0,0,0,0
Marques ColstonM. Colston,NO,MIN@NO,11.00,0,0,0,0,0,0,0,0,0,0,5,62,0,0,0,0
Jake DelhommeJ. Delhomme,CLE,CLE@TB,11.00,37,20,227,1,2,0,1,1,0,0,0,0,0,0,0,0
Devery HendersonD. Henderson,NO,MIN@NO,11.00,0,0,0,0,0,0,0,0,0,0,2,38,1,0,0,0
Tony MoeakiT. Moeaki,KC,SD@KC,11.00,0,0,0,0,0,0,0,0,0,0,3,21,1,0,0,0
Evan MooreE. Moore,CLE,CLE@TB,11.00,0,0,0,0,0,0,0,0,0,0,3,87,0,0,0,0
Roscoe ParrishR. Parrish,BUF,MIA@BUF,11.00,0,0,0,0,0,0,0,0,0,0,2,35,1,0,0,0
Carnell WilliamsC. Williams,TB,CLE@TB,11.00,0,0,0,0,0,0,22,75,0,0,2,23,0,0,0,0
Sam BradfordS. Bradford,STL,ARI@STL,10.00,55,32,253,1,3,0,0,0,0,0,0,0,0,0,0,0
Deion BranchD. Branch,SF,SF@SEA,10.00,0,0,0,0,0,0,0,0,0,0,3,11,1,0,0,0
Kevin FaulkK. Faulk,NE,CIN@NE,10.00,0,0,0,0,0,0,3,23,0,0,4,47,0,0,0,0
Brett FavreB. Favre,MIN,MIN@NO,10.00,27,15,171,1,1,0,0,0,0,0,0,0,0,0,0,0
Randy MossR. Moss,CIN,CIN@NE,10.00,0,0,0,0,0,0,0,0,0,0,5,59,0,0,0,0
Laurent RobinsonL. Robinson,STL,ARI@STL,10.00,0,0,0,0,0,0,0,0,0,0,3,18,1,0,0,0
Tony SchefflerT. Scheffler,DET,DET@CHI,10.00,0,0,0,0,0,0,0,0,0,0,6,43,0,0,0,0
Kevin WalterK. Walter,HOU,IND@HOU,10.00,0,0,0,0,0,0,0,0,0,0,2,29,1,0,0,0
Mike WilliamsM. Williams,SEA,SF@SEA,10.00,0,0,0,0,0,0,0,0,0,0,4,64,0,0,0,0
Reggie BushR. Bush,NO,MIN@NO,9.00,0,0,0,0,0,0,2,14,0,0,5,33,0,0,0,0
Brandon JacksonB. Jackson,GB,GB@PHI,9.00,0,0,0,0,0,0,18,63,0,0,2,12,0,0,0,0
Kassim OsgoodK. Osgood,JAX,DEN@JAX,9.00,0,0,0,0,0,0,0,0,0,0,1,24,1,0,0,0
Javon RingerJ. Ringer,TEN,OAK@TEN,9.00,0,0,0,0,0,0,5,33,1,0,0,0,0,0,0,0
Steve SmithS. Smith,NYG,CAR@NYG,9.00,0,0,0,0,0,0,0,0,0,0,5,43,0,0,0,0
Chester TaylorC. Taylor,CHI,DET@CHI,9.00,0,0,0,0,0,0,9,29,0,0,3,44,0,0,0,0
Fred TaylorF. Taylor,NE,CIN@NE,9.00,0,0,0,0,0,0,14,71,0,0,2,6,0,0,0,0
LaDainian TomlinsonL. Tomlinson,NYJ,BAL@NYJ,9.00,0,0,0,0,0,0,11,62,0,0,2,16,0,0,0,0
Jason AvantJ. Avant,PHI,GB@PHI,8.00,0,0,0,0,0,0,0,0,0,0,4,41,0,0,0,0
Deon ButlerD. Butler,SEA,SF@SEA,8.00,0,0,0,0,0,0,0,0,0,0,1,13,1,0,0,0
Matt CasselM. Cassel,KC,SD@KC,8.00,22,10,68,1,0,0,2,4,0,0,0,0,0,0,0,0
Jermichael FinleyJ. Finley,GB,GB@PHI,8.00,0,0,0,0,0,0,0,0,0,0,4,47,0,0,0,0
Justin ForsettJ. Forsett,SEA,SF@SEA,8.00,0,0,0,0,0,0,7,43,0,0,3,17,0,0,0,0
Brandon JacobsB. Jacobs,NYG,CAR@NYG,8.00,0,0,0,0,0,0,12,44,0,0,2,21,0,0,0,0
Calvin JohnsonC. Johnson,DET,DET@CHI,8.00,0,0,0,0,0,0,0,0,0,0,4,45,0,0,0,0
Johnny KnoxJ. Knox,CHI,DET@CHI,8.00,0,0,0,0,0,0,0,0,0,0,3,52,0,0,0,0
Heath MillerH. Miller,PIT,ATL@PIT,8.00,0,0,0,0,0,0,0,0,0,0,4,40,0,0,0,0
Zach MillerZ. Miller,OAK,OAK@TEN,8.00,0,0,0,0,0,0,0,0,0,0,4,43,0,0,0,0
Matt RyanM. Ryan,ATL,ATL@PIT,8.00,44,27,252,0,1,0,2,4,0,0,0,0,0,0,0,0
Matt SchaubM. Schaub,HOU,IND@HOU,8.00,17,9,107,1,1,0,3,-3,0,0,0,0,0,0,0,0
LaRod Stephens-HowlingL. Stephens-Howling,ARI,ARI@STL,8.00,0,0,0,0,0,0,7,49,0,0,3,16,0,0,0,0
Mike WallaceM. Wallace,PIT,ATL@PIT,8.00,0,0,0,0,0,0,0,0,0,0,2,62,0,0,0,0
Dennis DixonD. Dixon,PIT,ATL@PIT,7.00,26,18,236,0,1,0,2,4,0,0,0,0,0,0,0,0
Lee EvansL. Evans,BUF,MIA@BUF,7.00,0,0,0,0,0,0,0,0,0,0,4,34,0,0,0,0
Anthony FasanoA. Fasano,MIA,MIA@BUF,7.00,0,0,0,0,0,0,0,0,0,0,3,46,0,0,0,0
Malcom FloydM. Floyd,SD,SD@KC,7.00,0,0,0,0,0,0,0,0,0,0,3,48,0,0,0,0
Pierre GarconP. Garcon,IND,IND@HOU,7.00,0,0,0,0,0,0,0,0,0,0,3,43,0,0,0,0
Rob GronkowskiR. Gronkowski,NE,CIN@NE,7.00,0,0,0,0,0,0,0,0,0,0,1,1,1,0,0,0
Chad HenneC. Henne,MIA,MIA@BUF,7.00,34,21,182,0,0,0,2,-1,0,0,0,0,0,0,0,0
DeSean JacksonD. Jackson,PHI,GB@PHI,7.00,0,0,0,0,0,0,0,0,0,0,4,30,0,0,0,0
Stevie JohnsonS. Johnson,BUF,MIA@BUF,7.00,0,0,0,0,0,0,0,0,0,0,3,40,0,0,0,0
Felix JonesF. Jones,DAL,DAL@WAS,7.00,0,0,0,0,0,0,8,38,0,0,2,26,0,0,0,0
John KuhnJ. Kuhn,GB,GB@PHI,7.00,0,0,0,0,0,0,2,15,1,0,0,0,0,0,0,0
Ryan MathewsR. Mathews,SD,SD@KC,7.00,0,0,0,0,0,0,20,78,0,0,1,2,0,0,1,0
Donovan McNabbD. McNabb,WAS,DAL@WAS,7.00,32,15,171,0,0,0,1,17,0,0,0,0,0,0,0,0
Matt MooreM. Moore,CAR,CAR@NYG,7.00,33,14,182,1,3,0,2,15,0,0,0,0,0,0,1,0
Clinton PortisC. Portis,WAS,DAL@WAS,7.00,0,0,0,0,0,0,18,63,0,0,1,1,0,0,0,0
Ray RiceR. Rice,BAL,BAL@NYJ,7.00,0,0,0,0,0,0,21,43,0,0,2,19,0,0,0,0
Bernard ScottB. Scott,CIN,CIN@NE,7.00,0,0,0,0,0,0,6,35,0,0,3,15,0,0,0,0
Chansi StuckeyC. Stuckey,CLE,CLE@TB,7.00,0,0,0,0,0,0,0,0,0,0,4,30,0,0,0,0
Brandon TateB. Tate,NE,CIN@NE,7.00,0,0,0,0,0,0,0,0,0,0,4,36,0,0,0,0
Eric WeemsE. Weems,ATL,ATL@PIT,7.00,0,0,0,0,0,0,0,0,0,0,4,36,0,0,0,0
Kellen WinslowK. Winslow,TB,CLE@TB,7.00,0,0,0,0,0,0,0,0,0,0,4,32,0,0,0,0
John CarlsonJ. Carlson,SEA,SF@SEA,6.00,0,0,0,0,0,0,0,0,0,0,3,36,0,0,0,0
Harry DouglasH. Douglas,ATL,ATL@PIT,6.00,0,0,0,0,0,0,0,0,0,0,3,39,0,0,0,0
Joe FlaccoJ. Flacco,BAL,BAL@NYJ,6.00,38,20,248,0,1,0,4,2,0,0,0,0,0,0,1,0
Mike GoodsonM. Goodson,CAR,CAR@NYG,6.00,0,0,0,0,0,0,0,0,0,0,3,31,0,0,0,0
Jerome HarrisonJ. Harrison,CLE,CLE@TB,6.00,0,0,0,0,0,0,9,52,0,0,1,7,0,0,0,0
Dwayne JarrettD. Jarrett,CAR,CAR@NYG,6.00,0,0,0,0,0,0,0,0,0,0,2,40,0,0,0,0
Andre JohnsonA. Johnson,HOU,IND@HOU,6.00,0,0,0,0,0,0,0,0,0,0,3,33,0,0,0,0
Willis McGaheeW. McGahee,BAL,BAL@NYJ,6.00,0,0,0,0,0,0,6,-2,1,0,1,-6,0,0,1,0
Robert MeachemR. Meachem,NO,MIN@NO,6.00,0,0,0,0,0,0,0,0,0,0,3,33,0,0,0,0
Josh MorganJ. Morgan,SF,SF@SEA,6.00,0,0,0,0,0,0,0,0,0,0,3,32,0,0,0,0
Louis MurphyL. Murphy,OAK,OAK@TEN,6.00,0,0,0,0,0,0,0,0,0,0,4,28,0,0,0,0
Greg OlsenG. Olsen,CHI,DET@CHI,6.00,0,0,0,0,0,0,0,0,0,0,4,37,0,0,1,0
Delanie WalkerD. Walker,SF,SF@SEA,6.00,0,0,0,0,0,0,1,10,0,0,3,27,0,0,0,0
DeAngelo WilliamsD. Williams,CAR,CAR@NYG,6.00,0,0,0,0,0,0,16,62,0,0,0,0,0,0,0,0
Ricky WilliamsR. Williams,MIA,MIA@BUF,6.00,0,0,0,0,0,0,18,62,0,0,0,0,0,0,0,0
Marion BarberM. Barber,DAL,DAL@WAS,5.00,1,0,0,0,0,0,8,39,0,0,2,1,0,0,0,0
Brent CelekB. Celek,PHI,GB@PHI,5.00,0,0,0,0,0,0,0,0,0,0,2,32,0,0,0,0
Early DoucetE. Doucet,ARI,ARI@STL,5.00,0,0,0,0,0,0,0,0,0,0,2,37,0,0,0,0
Daniel FellsD. Fells,STL,ARI@STL,5.00,0,0,0,0,0,0,0,0,0,0,4,15,0,0,0,0
Tony GonzalezT. Gonzalez,ATL,ATL@PIT,5.00,0,0,0,0,0,0,0,0,0,0,2,35,0,0,0,0
Daniel GrahamD. Graham,DEN,DEN@JAX,5.00,0,0,0,0,0,0,0,0,0,0,2,36,0,0,0,0
Aaron HernandezA. Hernandez,NE,CIN@NE,5.00,0,0,0,0,0,0,0,0,0,0,1,45,0,0,0,0
Lance MooreL. Moore,NO,MIN@NO,5.00,0,0,0,0,0,0,0,0,0,0,3,23,0,0,0,0
David NelsonD. Nelson,BUF,MIA@BUF,5.00,0,0,0,0,0,0,0,0,0,0,3,22,0,0,0,0
Jeremy ShockeyJ. Shockey,NO,MIN@NO,5.00,0,0,0,0,0,0,0,0,0,0,3,23,0,0,0,0
Alex SmithA. Smith,SF,SF@SEA,5.00,45,26,225,0,2,0,0,0,0,0,0,0,0,0,0,0
Sammie StroughterS. Stroughter,TB,CLE@TB,5.00,0,0,0,0,0,0,0,0,0,0,2,32,0,0,0,0
Michael TurnerM. Turner,ATL,ATL@PIT,5.00,0,0,0,0,0,0,19,42,0,0,1,7,0,0,0,0
Roy WilliamsR. Williams,DAL,DAL@WAS,5.00,0,0,0,0,0,0,0,0,0,0,3,21,0,0,0,0
Jason WittenJ. Witten,DAL,DAL@WAS,5.00,0,0,0,0,0,0,0,0,0,0,3,27,0,0,0,0
Billy BajemaB. Bajema,STL,ARI@STL,4.00,0,0,0,0,0,0,0,0,0,0,3,18,0,0,0,0
Joshua CribbsJ. Cribbs,CLE,CLE@TB,4.00,1,1,9,0,0,0,3,11,0,0,2,11,0,0,0,0
Craig DavisC. Davis,SD,SD@KC,4.00,0,0,0,0,0,0,0,0,0,0,2,26,0,0,0,0
Ryan GrantR. Grant,GB,GB@PHI,4.00,0,0,0,0,0,0,8,45,0,0,0,0,0,0,0,0
Jacoby JonesJ. Jones,HOU,IND@HOU,4.00,0,0,0,0,0,0,0,0,0,0,2,29,0,0,0,0
Brandon LaFellB. LaFell,CAR,CAR@NYG,4.00,0,0,0,0,0,0,0,0,0,0,2,22,0,0,0,0
Derrick MasonD. Mason,BAL,BAL@NYJ,4.00,0,0,0,0,0,0,0,0,0,0,2,21,0,0,0,0
Randy McMichaelR. McMichael,SD,SD@KC,4.00,0,0,0,0,0,0,0,0,0,0,2,28,0,0,0,0
C.J. SpillerC. Spiller,BUF,MIA@BUF,4.00,0,0,0,0,0,0,7,6,0,0,4,8,0,0,0,0
Benjamin WatsonB. Watson,CLE,CLE@TB,4.00,0,0,0,0,0,0,1,-1,0,0,3,16,0,0,0,0
Travis BeckumT. Beckum,NYG,CAR@NYG,3.00,0,0,0,0,0,0,0,0,0,0,2,11,0,0,0,0
Greg CamarilloG. Camarillo,MIN,MIN@NO,3.00,0,0,0,0,0,0,0,0,0,0,1,29,0,0,0,0
Jerricho CotcheryJ. Cotchery,NYJ,BAL@NYJ,3.00,0,0,0,0,0,0,0,0,0,0,2,18,0,0,0,0
Michael CrabtreeM. Crabtree,SF,SF@SEA,3.00,0,0,0,0,0,0,0,0,0,0,2,12,0,0,0,0
Yamon FigursY. Figurs,OAK,OAK@TEN,3.00,0,0,0,0,0,0,0,0,0,0,2,17,0,0,0,0
T.J. HoushmandzadehT. Houshmandzadeh,BAL,BAL@NYJ,3.00,0,0,0,0,0,0,0,0,0,0,1,27,0,0,0,0
Fred JacksonF. Jackson,BUF,MIA@BUF,3.00,0,0,0,0,0,0,4,19,0,0,2,0,0,0,0,0
Rashad JenningsR. Jennings,JAX,DEN@JAX,3.00,0,0,0,0,0,0,4,26,0,0,1,4,0,0,0,0
Bryant JohnsonB. Johnson,DET,DET@CHI,3.00,0,0,0,0,0,0,0,0,0,0,1,24,0,0,0,0
James JonesJ. Jones,GB,GB@PHI,3.00,0,0,0,0,0,0,0,0,0,0,2,10,0,0,0,0
Thomas JonesT. Jones,KC,SD@KC,3.00,0,0,0,0,0,0,11,39,0,0,0,0,0,0,0,0
Dustin KellerD. Keller,NYJ,BAL@NYJ,3.00,0,0,0,0,0,0,0,0,0,0,2,13,0,0,0,0
Max KomarM. Komar,ARI,ARI@STL,3.00,0,0,0,0,0,0,0,0,0,0,2,29,0,0,1,0
Maurice MorrisM. Morris,DET,DET@CHI,3.00,0,0,0,0,0,0,2,-3,0,0,2,18,0,0,0,0
Justin PeelleJ. Peelle,ATL,ATL@PIT,3.00,0,0,0,0,0,0,0,0,0,0,2,11,0,0,0,0
Lousaka PoliteL. Polite,MIA,MIA@BUF,3.00,0,0,0,0,0,0,2,6,0,0,2,12,0,0,0,0
Michael RobinsonM. Robinson,SEA,SF@SEA,3.00,0,0,0,0,0,0,0,0,0,0,2,12,0,0,0,0
Dante RosarioD. Rosario,CAR,CAR@NYG,3.00,0,0,0,0,0,0,0,0,0,0,2,14,0,0,0,0
Craig StevensC. Stevens,TEN,OAK@TEN,3.00,0,0,0,0,0,0,0,0,0,0,2,18,0,0,0,0
Albert YoungA. Young,MIN,MIN@NO,3.00,0,0,0,0,0,0,3,2,0,0,2,11,0,0,0,0
Anthony ArmstrongA. Armstrong,WAS,DAL@WAS,2.00,0,0,0,0,0,0,0,0,0,0,1,11,0,0,0,0
Michael BennettM. Bennett,OAK,OAK@TEN,2.00,0,0,0,0,0,0,1,6,0,0,2,9,0,0,0,0
Kevin BossK. Boss,NYG,CAR@NYG,2.00,0,0,0,0,0,0,0,0,0,0,1,11,0,0,0,0
Dwayne BoweD. Bowe,KC,SD@KC,2.00,0,0,0,0,0,0,0,0,0,0,1,13,0,0,0,0
Nate BurlesonN. Burleson,DET,DET@CHI,2.00,0,0,0,0,0,0,0,0,0,0,1,19,0,0,0,0
Rock CartwrightR. Cartwright,OAK,OAK@TEN,2.00,0,0,0,0,0,0,0,0,0,0,1,10,0,0,0,0
Tim CastilleT. Castille,KC,SD@KC,2.00,0,0,0,0,0,0,1,0,0,0,2,3,0,0,0,0
Chris ChambersC. Chambers,KC,SD@KC,2.00,0,0,0,0,0,0,0,0,0,0,1,14,0,0,0,0
Tashard ChoiceT. Choice,DAL,DAL@WAS,2.00,0,0,0,0,0,0,5,18,0,0,2,-2,0,0,1,0
Ted Ginn Jr.T. Ginn,SF,SF@SEA,2.00,0,0,0,0,0,0,0,0,0,0,1,19,0,0,0,0
Anthony GonzalezA. Gonzalez,IND,IND@HOU,2.00,0,0,0,0,0,0,0,0,0,0,1,12,0,0,0,0
BenJarvus Green-EllisB. Green-Ellis,NE,CIN@NE,2.00,0,0,0,0,0,0,5,22,0,0,0,0,0,0,0,0
Percy HarvinP. Harvin,MIN,MIN@NO,2.00,0,0,0,0,0,0,1,2,0,0,1,12,0,0,0,0
Devin HesterD. Hester,CHI,DET@CHI,2.00,0,0,0,0,0,0,0,0,0,0,1,17,0,0,0,0
Jacob HesterJ. Hester,SD,SD@KC,2.00,0,0,0,0,0,0,0,0,0,0,2,6,0,0,0,0
Darrius Heyward-BeyD. Heyward-Bey,OAK,OAK@TEN,2.00,0,0,0,0,0,0,0,0,0,0,1,11,0,0,0,0
Greg LewisG. Lewis,MIN,MIN@NO,2.00,0,0,0,0,0,0,0,0,0,0,1,12,0,0,0,0
Dexter McClusterD. McCluster,KC,SD@KC,2.00,0,0,0,0,0,0,1,0,0,0,2,9,0,0,0,0
Zach MillerZ. Miller,JAX,DEN@JAX,2.00,0,0,0,0,0,0,0,0,0,0,2,8,0,0,0,0
Mewelde MooreM. Moore,PIT,ATL@PIT,2.00,0,0,0,0,0,0,1,0,0,0,2,3,0,0,0,0
Cameron MorrahC. Morrah,SEA,SF@SEA,2.00,0,0,0,0,0,0,0,0,0,0,1,11,0,0,0,0
Antwaan Randle ElA. Randle El,PIT,ATL@PIT,2.00,0,0,0,0,0,0,0,0,0,0,2,8,0,0,0,0
Tony RichardsonT. Richardson,NYJ,BAL@NYJ,2.00,0,0,0,0,0,0,0,0,0,0,2,9,0,0,0,0
Mark SanchezM. Sanchez,NYJ,BAL@NYJ,2.00,21,10,74,0,0,0,2,5,0,0,0,0,0,0,0,0
Steve SlatonS. Slaton,HOU,IND@HOU,2.00,0,0,0,0,0,0,6,29,0,0,0,0,0,0,0,0
Brad SmithB. Smith,NYJ,BAL@NYJ,2.00,0,0,0,0,0,0,2,27,0,0,0,0,0,0,0,0
Darren SprolesD. Sproles,SD,SD@KC,2.00,0,0,0,0,0,0,4,0,0,0,2,2,0,0,0,0
Matthew StaffordM. Stafford,DET,DET@CHI,2.00,15,11,83,0,0,0,0,0,0,0,0,0,0,0,1,0
David ThomasD. Thomas,NO,MIN@NO,2.00,0,0,0,0,0,0,0,0,0,0,2,3,0,0,0,0
Mike TolbertM. Tolbert,SD,SD@KC,2.00,0,0,0,0,0,0,2,26,0,0,0,0,0,0,0,0
Dominique ZeiglerD. Zeigler,SF,SF@SEA,2.00,0,0,0,0,0,0,0,0,0,0,1,10,0,0,0,0
Martellus BennettM. Bennett,DAL,DAL@WAS,1.00,0,0,0,0,0,0,0,0,0,0,1,7,0,0,0,0
Bernard BerrianB. Berrian,MIN,MIN@NO,1.00,0,0,0,0,0,0,0,0,0,0,1,3,0,0,0,0
Donald BrownD. Brown,IND,IND@HOU,1.00,0,0,0,0,0,0,0,0,0,0,1,7,0,0,0,0
Eldra BuckleyE. Buckley,PHI,GB@PHI,1.00,0,0,0,0,0,0,0,0,0,0,1,10,0,0,1,0
Nate ByhamN. Byham,SF,SF@SEA,1.00,0,0,0,0,0,0,0,0,0,0,1,5,0,0,0,0
Owen DanielsO. Daniels,HOU,IND@HOU,1.00,0,0,0,0,0,0,0,0,0,0,1,9,0,0,0,0
Jeff DuganJ. Dugan,MIN,MIN@NO,1.00,0,0,0,0,0,0,0,0,0,0,1,8,0,0,0,0
Braylon EdwardsB. Edwards,NYJ,BAL@NYJ,1.00,0,0,0,0,0,0,1,4,0,0,1,9,0,0,0,0
Heath EvansH. Evans,NO,MIN@NO,1.00,0,0,0,0,0,0,0,0,0,0,1,7,0,0,0,0
Earnest GrahamE. Graham,TB,CLE@TB,1.00,0,0,0,0,0,0,6,10,0,0,1,8,0,0,1,0
Shonn GreeneS. Greene,NYJ,BAL@NYJ,1.00,0,0,0,0,0,0,5,18,0,0,1,9,0,0,1,0
Dan GronkowskiD. Gronkowski,DEN,DEN@JAX,1.00,0,0,0,0,0,0,0,0,0,0,1,2,0,0,0,0
Ahmard HallA. Hall,TEN,OAK@TEN,1.00,0,0,0,0,0,0,0,0,0,0,1,3,0,0,0,0
Johnnie Lee HigginsJ. Higgins,OAK,OAK@TEN,1.00,0,0,0,0,0,0,0,0,0,0,1,2,0,0,0,0
Michael HoomanawanuiM. Hoomanawanui,STL,ARI@STL,1.00,0,0,0,0,0,0,0,0,0,0,1,8,0,0,0,0
Greg JonesG. Jones,JAX,DEN@JAX,1.00,0,0,0,0,0,0,0,0,0,0,1,-1,0,0,0,0
Julius JonesJ. Jones,SF,SF@SEA,1.00,0,0,0,0,0,0,8,18,0,0,0,0,0,0,0,0
Mike KarneyM. Karney,STL,ARI@STL,1.00,0,0,0,0,0,0,1,2,0,0,1,2,0,0,0,0
Jim KleinsasserJ. Kleinsasser,MIN,MIN@NO,1.00,0,0,0,0,0,0,0,0,0,0,1,6,0,0,0,0
Spencer LarsenS. Larsen,DEN,DEN@JAX,1.00,0,0,0,0,0,0,0,0,0,0,1,4,0,0,0,0
Marshawn LynchM. Lynch,MIA,MIA@BUF,1.00,0,0,0,0,0,0,3,13,0,0,0,0,0,0,0,0
Le'Ron McClainL. McClain,BAL,BAL@NYJ,1.00,0,0,0,0,0,0,4,6,0,0,1,5,0,0,0,0
Brandon MyersB. Myers,OAK,OAK@TEN,1.00,0,0,0,0,0,0,0,0,0,0,1,5,0,0,0,0
Jordy NelsonJ. Nelson,GB,GB@PHI,1.00,0,0,0,0,0,0,0,0,0,0,1,7,0,0,0,0
Moran NorrisM. Norris,SF,SF@SEA,1.00,0,0,0,0,0,0,1,1,0,0,1,2,0,0,0,0
Jerious NorwoodJ. Norwood,ATL,ATL@PIT,1.00,0,0,0,0,0,0,2,8,0,0,1,9,0,0,0,0
Ben ObomanuB. Obomanu,SEA,SF@SEA,1.00,0,0,0,0,0,0,0,0,0,0,1,6,0,0,0,0
Brandon PettigrewB. Pettigrew,DET,DET@CHI,1.00,0,0,0,0,0,0,0,0,0,0,1,6,0,0,0,0
Isaac RedmanI. Redman,PIT,ATL@PIT,1.00,0,0,0,0,0,0,6,19,0,0,0,0,0,0,0,0
Brian RobiskieB. Robiskie,CLE,CLE@TB,1.00,0,0,0,0,0,0,0,0,0,0,1,6,0,0,0,0
Mike SellersM. Sellers,WAS,DAL@WAS,1.00,0,0,0,0,0,0,0,0,0,0,1,2,0,0,0,0
Jason SnellingJ. Snelling,ATL,ATL@PIT,1.00,0,0,0,0,0,0,2,4,0,0,1,4,0,0,0,0
Stephen SpachS. Spach,ARI,ARI@STL,1.00,0,0,0,0,0,0,0,0,0,0,1,0,0,0,0,0
Jerramy StevensJ. Stevens,TB,CLE@TB,1.00,0,0,0,0,0,0,0,0,0,0,1,8,0,0,0,0
Jonathan StewartJ. Stewart,CAR,CAR@NYG,1.00,0,0,0,0,0,0,5,12,0,0,0,0,0,0,0,0
Seneca WallaceS. Wallace,CLE,CLE@TB,1.00,0,0,0,0,0,0,0,0,0,0,1,9,0,0,0,0
Leon WashingtonL. Washington,SEA,SF@SEA,1.00,0,0,0,0,0,0,6,12,0,0,0,0,0,0,0,0
Correll BuckhalterC. Buckhalter,DEN,DEN@JAX,0.00,0,0,0,0,0,0,6,15,0,0,0,0,0,0,1,0
Jimmy ClausenJ. Clausen,CAR,CAR@NYG,0.00,2,0,0,0,0,0,0,0,0,0,0,0,0,0,0,0
Kenneth DarbyK. Darby,STL,ARI@STL,0.00,0,0,0,0,0,0,1,2,0,0,0,0,0,0,0,0
Jerome FeltonJ. Felton,DET,DET@CHI,0.00,0,0,0,0,0,0,2,7,0,0,0,0,0,0,0,0
Chris GronkowskiC. Gronkowski,DAL,DAL@WAS,0.00,0,0,0,0,0,0,1,8,0,0,0,0,0,0,0,0
Shaun HillS. Hill,DET,DET@CHI,0.00,19,9,88,0,1,0,3,-4,0,0,0,0,0,0,1,0
Larry JohnsonL. Johnson,WAS,DAL@WAS,0.00,0,0,0,0,0,0,3,9,0,0,0,0,0,0,0,0
Kevin KolbK. Kolb,PHI,GB@PHI,0.00,10,5,24,0,0,0,0,0,0,0,0,0,0,0,0,0
Sammy MorrisS. Morris,NE,CIN@NE,0.00,0,0,0,0,0,0,1,2,0,0,0,0,0,0,0,0
Tim TebowT. Tebow,DEN,DEN@JAX,0.00,0,0,0,0,0,0,2,2,0,0,0,0,0,0,0,0
Leonard WeaverL. Weaver,PHI,GB@PHI,0.00,0,0,0,0,0,0,1,0,0,0,0,0,0,0,0,0
